,filePath,0,1,2,label
1,processed_data/file1_fragments/fragment2.csv,-0.1168344191228438,-0.17494159403174567,-0.07349839190121515,2
11,processed_data/file1_fragments/fragment12.csv,0.20036443633683024,-0.3779697918615752,-0.027979666833482398,2
17,processed_data/file1_fragments/fragment18.csv,0.028200012835199174,-0.0945172389135922,0.07557079165030325,2
19,processed_data/file1_fragments/fragment20.csv,0.01021507636049322,-0.03740446180556522,0.07262864472891926,2
20,processed_data/file1_fragments/fragment21.csv,-0.18370946055818335,-0.26243947374931864,-0.0611195622376236,2
22,processed_data/file1_fragments/fragment23.csv,-0.080637989703192,-0.3364669636818613,0.10575881279675546,2
24,processed_data/file1_fragments/fragment25.csv,0.07457247089634601,-0.3899238884169687,-0.094533654333136,2
26,processed_data/file1_fragments/fragment27.csv,-0.17411194231955,-0.10355804961661287,-0.020005400394616964,2
27,processed_data/file1_fragments/fragment28.csv,0.15253464245530055,-0.13857101554570014,0.10176969083540767,2
29,processed_data/file1_fragments/fragment30.csv,0.1838601272902098,-0.05723479479682333,0.13351130341148726,2
30,processed_data/file1_fragments/fragment31.csv,0.3312868752888926,-0.1746604647342091,0.01647763519533696,2
45,processed_data/file1_fragments/fragment46.csv,-0.22380531024386105,-0.11442309808074777,0.014640859421747057,2
46,processed_data/file1_fragments/fragment47.csv,0.1789827581727182,-0.1139602671738257,0.12016505317822708,2
54,processed_data/file1_fragments/fragment55.csv,0.2151899646178885,-0.2695595633086415,0.05342218279416213,2
56,processed_data/file1_fragments/fragment57.csv,-0.19151011814986466,-0.19275181119914706,0.05398674682907066,2
59,processed_data/file1_fragments/fragment60.csv,-0.1295734367175863,-0.1144099982267481,-0.0026296515019443925,2
63,processed_data/file1_fragments/fragment64.csv,-0.07145593133640556,-0.2770102996253635,0.04285429598018853,2
65,processed_data/file1_fragments/fragment66.csv,0.036302797773790745,-0.16598123796346373,0.14807861137137332,2
67,processed_data/file1_fragments/fragment68.csv,0.04223953227335862,-0.09709249573181676,-0.16829482958528855,2
68,processed_data/file1_fragments/fragment69.csv,0.2781096352787443,-0.16951161793862998,-0.180913294507919,2
72,processed_data/file1_fragments/fragment73.csv,0.0013849544928935006,-0.03331104912976758,0.051481324984801916,2
73,processed_data/file1_fragments/fragment74.csv,0.059707553832937514,-0.3136902808748753,0.06115105662421981,2
74,processed_data/file1_fragments/fragment75.csv,0.07274179720014608,-0.0585351100246381,0.8090718167120894,2
76,processed_data/file1_fragments/fragment77.csv,0.02058812199950225,-0.4944031646740812,-0.5621121842284145,2
78,processed_data/file1_fragments/fragment79.csv,0.29621587605186617,-0.14194195595224965,-0.052084451916006254,2
81,processed_data/file1_fragments/fragment82.csv,0.15885147636812832,-0.40485586773333015,-0.1339356267568619,2
82,processed_data/file1_fragments/fragment83.csv,-0.026715692673153428,-0.30906743533956793,-0.036818672500510435,2
83,processed_data/file1_fragments/fragment84.csv,-0.08559151381041552,-0.10721695784874936,0.30288690295987564,2
91,processed_data/file1_fragments/fragment92.csv,0.2438439575774655,-0.21099187001741934,0.09820316322108504,2
95,processed_data/file1_fragments/fragment96.csv,0.19062341930414267,-0.28137307916474424,0.3320677642364287,2
99,processed_data/file1_fragments/fragment100.csv,0.27328182681223434,-0.2123880152880489,0.12073920905468025,2
100,processed_data/file1_fragments/fragment101.csv,0.1307162818995657,-0.13257508439089688,0.029074291633918163,2
102,processed_data/file1_fragments/fragment103.csv,0.20285165175387712,-0.2651783944039225,0.1021637793270714,2
103,processed_data/file1_fragments/fragment104.csv,-0.08602046015286281,-0.32192294615621503,0.02307665544365596,2
105,processed_data/file1_fragments/fragment106.csv,0.10576252737485713,-0.04511536652636262,-0.022007063605766028,2
106,processed_data/file1_fragments/fragment107.csv,-0.06751166857071379,-0.053335341143729564,0.0007182198105750628,2
107,processed_data/file1_fragments/fragment108.csv,0.08968476838631405,-0.1822036075215168,0.033429812922394775,2
125,processed_data/file1_fragments/fragment126.csv,0.1967912016369621,-0.24269828581148625,-0.035619617914521715,2
128,processed_data/file1_fragments/fragment129.csv,-0.04802683696638544,-0.08681464098127366,0.037080133278225236,2
133,processed_data/file1_fragments/fragment134.csv,0.2037989075383735,-0.3714350972226085,0.20778425318283295,2
135,processed_data/file1_fragments/fragment136.csv,-0.2405388701009772,-0.27238374887787903,0.011656489018801643,2
136,processed_data/file1_fragments/fragment137.csv,0.044326548696371634,-0.13459844265535045,0.08415392195021391,2
138,processed_data/file1_fragments/fragment139.csv,0.32362055344048724,-0.1823241881143109,-0.05744297281304304,2
144,processed_data/file1_fragments/fragment145.csv,0.012887923495069608,-0.31227447813817216,-0.10903114757889837,2
147,processed_data/file1_fragments/fragment148.csv,0.2030883856683616,-0.2685650867952826,-0.1549476452096036,2
150,processed_data/file1_fragments/fragment151.csv,0.21516000338983124,-0.1174715793693264,-0.106635553809028,2
155,processed_data/file1_fragments/fragment156.csv,0.27516410237954697,-0.16561300364292345,-0.0017199197778335325,2
162,processed_data/file1_fragments/fragment163.csv,-0.1886002428138394,-0.4433793057843584,-0.6207754607947487,2
166,processed_data/file1_fragments/fragment167.csv,0.2619913031986167,-0.2485469748923403,0.1640301654326457,2
168,processed_data/file1_fragments/fragment169.csv,0.00935370410915973,-0.1252245553058544,-0.09471047447311633,2
169,processed_data/file1_fragments/fragment170.csv,0.2917759574870035,-0.19809929560421227,-0.15065865414303894,2
175,processed_data/file1_fragments/fragment176.csv,-0.009828810002148846,-0.3104726252092665,0.14610470437915407,2
184,processed_data/file1_fragments/fragment185.csv,-0.2047608074642576,-0.3942868397802548,-0.17601061733974224,2
185,processed_data/file1_fragments/fragment186.csv,0.09007957815879884,-0.19970911589521856,-0.1299486402358459,2
189,processed_data/file1_fragments/fragment190.csv,0.12471500118468598,-0.10659057840476643,0.02770349219154832,2
190,processed_data/file1_fragments/fragment191.csv,0.2676460581731476,-0.2293306573495378,0.12059215866672428,2
196,processed_data/file1_fragments/fragment197.csv,0.1915912299037564,-0.3734015587693216,-0.042339226131751166,2
197,processed_data/file1_fragments/fragment198.csv,-0.121733045434775,-0.2933399357745292,-0.21808221681287907,2
199,processed_data/file1_fragments/fragment200.csv,0.2768343679664928,-0.2814817877481506,-0.05246531284719401,2
204,processed_data/file1_fragments/fragment205.csv,0.10230183048256056,-0.4234560744237272,-0.21025830841277773,2
208,processed_data/file1_fragments/fragment209.csv,-0.22668704078298216,-0.23287650279434155,-0.002146409069653951,2
210,processed_data/file1_fragments/fragment211.csv,0.04202231894280262,-0.12552482263133566,-0.1953207092727753,2
211,processed_data/file1_fragments/fragment212.csv,0.14377293689351134,-0.17764605128234065,0.09320863370413376,2
216,processed_data/file1_fragments/fragment217.csv,0.07894962962857867,-0.13499502835437094,-0.02148414838701879,2
218,processed_data/file1_fragments/fragment219.csv,0.13219605250569308,-0.4276607480237785,0.04791478103598889,2
220,processed_data/file1_fragments/fragment221.csv,0.038873885755420334,-0.4402915571594217,0.22418703150269256,2
223,processed_data/file1_fragments/fragment224.csv,0.17705577810965709,-0.3695053633253487,-0.11961804067742032,2
224,processed_data/file1_fragments/fragment225.csv,0.0903084696946221,-0.2440595618284391,0.13967369872309093,2
225,processed_data/file1_fragments/fragment226.csv,0.18632522598479934,-0.2458328346366625,0.004122831634430476,2
229,processed_data/file1_fragments/fragment230.csv,-0.13866569892776434,-0.1398576190981516,-0.1359544959196055,2
232,processed_data/file1_fragments/fragment233.csv,0.31467179784772104,-0.17318103498426055,-0.019546064389313417,2
246,processed_data/file1_fragments/fragment247.csv,-0.08927090091368388,-0.37219307885294495,-0.1489729937802079,2
248,processed_data/file1_fragments/fragment249.csv,-0.17714550315358904,-0.4251592865067608,-0.6173781291172388,2
249,processed_data/file1_fragments/fragment250.csv,-0.12053325972541025,-0.35678955120827577,-0.3872190942614284,2
250,processed_data/file1_fragments/fragment251.csv,-0.06313354626851468,-0.29672465667103376,0.0017818749852958685,2
251,processed_data/file1_fragments/fragment252.csv,-0.11684788261583605,-0.32919908707220275,0.1307809100816892,2
252,processed_data/file1_fragments/fragment253.csv,0.0042046359744818155,-0.5230025729366408,-0.5982580640293441,2
253,processed_data/file1_fragments/fragment254.csv,0.01932578490245292,-0.3679787293757071,0.05839328613109587,2
254,processed_data/file1_fragments/fragment255.csv,0.22307747997806449,-0.17819205213556122,0.0969839199456583,2
257,processed_data/file1_fragments/fragment258.csv,0.10964163905583434,-0.28853671992101343,0.06940870756430456,2
267,processed_data/file1_fragments/fragment268.csv,-0.12485644479499518,-0.25924766579735753,-0.1168761063313712,2
269,processed_data/file1_fragments/fragment270.csv,-0.2692258177528097,-0.33925972285659073,-0.26581558621341195,2
274,processed_data/file1_fragments/fragment275.csv,0.0685645388382268,-0.4072179506771717,-0.21088807480012686,2
275,processed_data/file1_fragments/fragment276.csv,0.17600787309798666,-0.209729669206348,0.10215742683940184,2
281,processed_data/file1_fragments/fragment282.csv,0.011917128307533205,-0.3707472056944659,0.08516918248754853,2
286,processed_data/file1_fragments/fragment287.csv,0.16318256075632265,-0.3769566212742955,0.0010550022741223908,2
287,processed_data/file1_fragments/fragment288.csv,0.11248679791356468,-0.17236257281593614,0.11701242301888976,2
289,processed_data/file1_fragments/fragment290.csv,-0.2933729720168705,-0.2585359311357428,0.013687815212471892,2
290,processed_data/file1_fragments/fragment291.csv,-0.19052239836604726,-0.4506788390167326,-0.6240972303003798,2
291,processed_data/file1_fragments/fragment292.csv,0.241541419078024,-0.30386786653523423,0.06253022963637232,2
292,processed_data/file1_fragments/fragment293.csv,0.1018957967758204,-0.03747272152645286,0.05643389666636533,2
293,processed_data/file1_fragments/fragment294.csv,0.2097248707245281,-0.1920929559379997,0.10106315915672362,2
296,processed_data/file1_fragments/fragment297.csv,-0.0239562177393064,-0.041337680938162834,-0.030656515225943273,2
297,processed_data/file1_fragments/fragment298.csv,-0.2672012376290025,-0.2881801916857126,-0.2407776694468253,2
298,processed_data/file1_fragments/fragment299.csv,0.10907951156418833,-0.4224006978177404,0.06368649618500101,2
300,processed_data/file1_fragments/fragment301.csv,0.25080236243020065,-0.11769738258429772,0.07612085007438259,2
301,processed_data/file1_fragments/fragment302.csv,0.048790954537539066,-0.1868368899118977,0.4651517612075893,2
303,processed_data/file1_fragments/fragment304.csv,0.17973365181104214,-0.29575262423802856,0.03157061001442465,2
304,processed_data/file1_fragments/fragment305.csv,0.032479994201036415,-0.2498625277727173,0.15081318503429886,2
305,processed_data/file1_fragments/fragment306.csv,-0.1369083145447001,-0.16797848776287602,-0.08123214431091981,2
306,processed_data/file1_fragments/fragment307.csv,0.1517561430224172,-0.10857868829337586,-0.15828083368744952,2
307,processed_data/file1_fragments/fragment308.csv,0.16611700013074646,-0.006059617276470085,0.02313865852925239,2
308,processed_data/file1_fragments/fragment309.csv,0.2673578837158702,-0.2673699925150742,0.035243210856621736,2
320,processed_data/file1_fragments/fragment321.csv,-0.01874687682344314,-0.2965369274535421,-0.21641203013633487,2
322,processed_data/file1_fragments/fragment323.csv,-0.145598316748105,-0.2048245595218096,0.1378733520703929,2
329,processed_data/file1_fragments/fragment330.csv,0.09290702841768006,-0.10130973393080166,-0.06588500958191996,2
338,processed_data/file1_fragments/fragment339.csv,0.018476467270679843,-0.3895016956381027,-0.057920191500360076,2
339,processed_data/file1_fragments/fragment340.csv,-0.13456451931074714,-0.31214159989364515,-0.1559284972019814,2
349,processed_data/file1_fragments/fragment350.csv,0.05482423592783072,-0.29444772080879017,0.06089365341382862,2
350,processed_data/file1_fragments/fragment351.csv,-0.11157014748099488,-0.254737550471866,0.2509354678314183,2
356,processed_data/file1_fragments/fragment357.csv,0.007395736661399997,-0.3542891938482572,0.006231585686855619,2
362,processed_data/file1_fragments/fragment363.csv,0.06738821316128964,-0.1384623800380907,0.0607245225250885,2
364,processed_data/file1_fragments/fragment365.csv,-0.13463557090719813,-0.1683243134833583,0.2172821971529813,2
365,processed_data/file1_fragments/fragment366.csv,0.2535313206540382,-0.0953379386192043,0.2554143222298325,2
367,processed_data/file1_fragments/fragment368.csv,0.19820639857061464,-0.2842031197455549,0.02057722191105916,2
369,processed_data/file1_fragments/fragment370.csv,-0.21476065280344767,-0.19908573420729594,0.05018586615076207,2
373,processed_data/file1_fragments/fragment374.csv,0.14471916479077795,-0.2768550100559849,0.05125105932617565,2
382,processed_data/file1_fragments/fragment383.csv,0.23325000236211035,-0.15666978930800368,-0.01812560622580163,2
384,processed_data/file1_fragments/fragment385.csv,0.2521047738524186,-0.27535744445857124,0.03573514296887256,2
385,processed_data/file1_fragments/fragment386.csv,0.04173965122996287,-0.19967920279872287,-0.07451191286104507,2
387,processed_data/file1_fragments/fragment388.csv,0.3371082992876015,-0.21723723620724086,0.09409579859182622,2
393,processed_data/file1_fragments/fragment394.csv,-0.187793963392778,-0.43363673239937817,-0.6151443957559879,2
398,processed_data/file1_fragments/fragment399.csv,-0.22830358558561836,-0.16785681573672312,-0.0067140533816876105,2
402,processed_data/file1_fragments/fragment403.csv,0.03125126133187114,-0.12336060967207052,0.17002504274323313,2
405,processed_data/file1_fragments/fragment406.csv,0.11945364762354682,-0.06952938466141056,0.04233314848426434,2
410,processed_data/file1_fragments/fragment411.csv,0.17808612680153138,-0.4306550299049412,0.06614055572226436,2
414,processed_data/file1_fragments/fragment415.csv,0.1862391869960449,-0.3062346829555417,0.1471214182362625,2
417,processed_data/file1_fragments/fragment418.csv,0.10458798177090206,-0.18363727906428698,-0.0055471459443449285,2
418,processed_data/file1_fragments/fragment419.csv,0.06766049582341956,-0.19687427294256868,-0.11863945465017595,2
424,processed_data/file1_fragments/fragment425.csv,-0.21073274254432212,-0.3108144089156057,0.22737721494269364,2
425,processed_data/file1_fragments/fragment426.csv,-0.11293896834699164,-0.3701001020267827,0.13047027704079758,2
426,processed_data/file1_fragments/fragment427.csv,-0.28113001844927965,-0.2411069982965504,0.01562613831874437,2
427,processed_data/file1_fragments/fragment428.csv,0.07206939960395485,-0.08713561765914901,0.035111468857137715,2
433,processed_data/file1_fragments/fragment434.csv,0.3169548131618427,-0.1534667191372267,0.02674525362758476,2
435,processed_data/file1_fragments/fragment436.csv,0.047777224125061725,-0.2613528595519268,0.0025667931440569274,2
437,processed_data/file1_fragments/fragment438.csv,0.11504919562425744,-0.1354336022976453,0.07150487054107553,2
440,processed_data/file1_fragments/fragment441.csv,-0.06513558606617532,-0.04988272647652301,0.09522034539488756,2
442,processed_data/file1_fragments/fragment443.csv,0.2989967395233949,-0.26331295612747,0.04311385864651097,2
444,processed_data/file1_fragments/fragment445.csv,0.2793245583929629,-0.15756669090981862,0.09838037940064297,2
449,processed_data/file1_fragments/fragment450.csv,-0.10224685959667648,-0.08573464942888975,0.12448064654451735,2
450,processed_data/file1_fragments/fragment451.csv,-0.11730770079710395,-0.3461904879072606,0.06024062875418387,2
452,processed_data/file1_fragments/fragment453.csv,-0.02449775903996295,-0.40596411659075066,-0.17626253906047018,2
456,processed_data/file1_fragments/fragment457.csv,0.011265976889588622,-0.21782943360965892,0.1027611051350974,2
459,processed_data/file1_fragments/fragment460.csv,0.2166111608491577,-0.3792622952919136,-0.12451124042991145,2
461,processed_data/file1_fragments/fragment462.csv,0.06054128424411068,-0.3155789641673451,-0.13734303409980275,2
462,processed_data/file1_fragments/fragment463.csv,0.27382092241587713,-0.17561596429448414,0.09703055136313457,2
463,processed_data/file1_fragments/fragment464.csv,0.057842935549977034,-0.2481929410688013,0.18508045907066464,2
467,processed_data/file1_fragments/fragment468.csv,0.257933026784723,-0.11038423663499301,-0.03382286968039057,2
469,processed_data/file1_fragments/fragment470.csv,0.3003931705635279,-0.12969817945551174,0.006551786309216448,2
470,processed_data/file1_fragments/fragment471.csv,0.27388221371477306,-0.19876438140210645,-0.008420339220451274,2
471,processed_data/file1_fragments/fragment472.csv,0.2107403736980077,-0.142079143184816,0.18242642931050532,2
472,processed_data/file1_fragments/fragment473.csv,0.18918201220929004,-0.3000345983163221,0.1066423211082323,2
473,processed_data/file1_fragments/fragment474.csv,-0.18296201686445704,-0.3340425257510226,-0.15616801465702473,2
474,processed_data/file1_fragments/fragment475.csv,-0.1836794146884148,-0.43215804538813946,-0.6171677469258364,2
475,processed_data/file1_fragments/fragment476.csv,0.12202666144754673,-0.45015582860805897,0.2127925369813646,2
478,processed_data/file1_fragments/fragment479.csv,-0.050061172368894166,-0.34015811247285777,0.06394208982387006,2
479,processed_data/file1_fragments/fragment480.csv,-0.2909766845893677,-0.2424311383854047,0.4607826062836104,2
482,processed_data/file1_fragments/fragment483.csv,0.06215293728036452,-0.3906589451452581,-0.11006892488494288,2
484,processed_data/file1_fragments/fragment485.csv,0.2445405082123299,-0.147999731170095,0.15179221276023686,2
486,processed_data/file1_fragments/fragment487.csv,0.27877014615462564,-0.23075644315446125,-0.08169749000038175,2
487,processed_data/file1_fragments/fragment488.csv,0.21121073981121355,-0.22738432692178046,0.09505148086751836,2
489,processed_data/file1_fragments/fragment490.csv,0.2730221695352816,-0.3031720949188287,0.041625408989530384,2
494,processed_data/file1_fragments/fragment495.csv,0.1147248776442096,-0.06451938328707223,-0.06082208329708641,2
495,processed_data/file1_fragments/fragment496.csv,-0.02816192735932999,-0.2686275342120337,0.13171506615508075,2
497,processed_data/file1_fragments/fragment498.csv,0.19583885556647607,-0.4116637410122658,0.060545565206897675,2
498,processed_data/file1_fragments/fragment499.csv,0.12101543388682792,-0.2296679404978157,-0.06961948272211851,2
500,processed_data/file1_fragments/fragment501.csv,0.33284310343457857,-0.1991672707426835,-0.05613820735145345,2
501,processed_data/file1_fragments/fragment502.csv,0.17557786602313866,-0.4114536389077619,0.06316530714222318,2
502,processed_data/file1_fragments/fragment503.csv,0.0922305755830538,-0.3783954455209949,0.18353151033033796,2
503,processed_data/file1_fragments/fragment504.csv,0.18298764535406614,-0.2736479782059695,-0.09954324408052226,2
505,processed_data/file1_fragments/fragment506.csv,0.17978609898537226,-0.3930160583501683,0.1251425945595272,2
512,processed_data/file1_fragments/fragment513.csv,-0.2620155530298481,-0.2604850448251657,-0.06467594507770888,2
514,processed_data/file1_fragments/fragment515.csv,-0.14078978580293094,-0.2395968898830579,0.08013598718598029,2
515,processed_data/file1_fragments/fragment516.csv,-0.07619583149369825,-0.3617426234977339,0.06402028346102218,2
516,processed_data/file1_fragments/fragment517.csv,0.12859443552474575,-0.4352753277623528,0.2114731830656193,2
522,processed_data/file1_fragments/fragment523.csv,0.029678444825768913,-0.41465038550397615,0.11274757646108917,2
523,processed_data/file1_fragments/fragment524.csv,0.2309462954509021,-0.16539044258113048,-0.04481362290665968,2
524,processed_data/file1_fragments/fragment525.csv,0.13520829192259154,-0.2490305174119281,-0.05294690015340338,2
526,processed_data/file1_fragments/fragment527.csv,0.2496961369811539,-0.3447868531525323,0.043710134053349,2
527,processed_data/file1_fragments/fragment528.csv,0.04686474376206649,-0.11266722266710985,-0.09763440436093387,2
530,processed_data/file1_fragments/fragment531.csv,-0.17863712498835346,-0.4198209024200583,-0.6128517275356844,2
533,processed_data/file1_fragments/fragment534.csv,-0.15530520473261505,-0.3800055075485596,-0.19875791459424108,2
537,processed_data/file1_fragments/fragment538.csv,-0.13489573478409286,-0.31306857131943466,0.110321369888476,2
538,processed_data/file1_fragments/fragment539.csv,0.0009271227959570386,-0.3200715316410728,-0.09004204363755493,2
541,processed_data/file1_fragments/fragment542.csv,0.06587157547399565,-0.009030698904742456,0.3847609693863008,2
550,processed_data/file1_fragments/fragment551.csv,0.25497153531296496,-0.0903375065957341,0.0065700037550519745,2
551,processed_data/file1_fragments/fragment552.csv,0.12360965955781444,-0.04905114086594043,0.02057710153797404,2
554,processed_data/file1_fragments/fragment555.csv,0.23762187391225525,-0.15108622671328542,0.14830634114938962,2
558,processed_data/file1_fragments/fragment559.csv,0.16416672486185274,-0.1212842330221921,-0.2163349260670739,2
560,processed_data/file1_fragments/fragment561.csv,0.16074201757674847,0.0014305160606852198,-0.03565615510136458,2
562,processed_data/file1_fragments/fragment563.csv,0.20208436441334787,-0.20195327432914614,0.190567432814448,2
563,processed_data/file1_fragments/fragment564.csv,0.1535648812236691,-0.14637606114685367,-0.1116692644869158,2
565,processed_data/file1_fragments/fragment566.csv,0.2382420478693071,-0.3368100093059709,0.03715206986760955,2
567,processed_data/file1_fragments/fragment568.csv,-0.18659598479713224,-0.4358986558960453,-0.617471915377098,2
568,processed_data/file1_fragments/fragment569.csv,0.1641368809708213,-0.3856838553637789,0.027877413639512003,2
572,processed_data/file1_fragments/fragment573.csv,0.07504833258082763,-0.13264910107526928,0.028170962667905294,2
576,processed_data/file1_fragments/fragment577.csv,0.10395036528264916,-0.2788245269794562,-0.17446516280762808,2
582,processed_data/file1_fragments/fragment583.csv,0.13606793007362916,-0.412107664969526,0.06507524741989988,2
585,processed_data/file1_fragments/fragment586.csv,0.17797381942664398,-0.3923885073565235,0.2383522486836909,2
586,processed_data/file1_fragments/fragment587.csv,0.09118317136177724,-0.3452575255534711,-0.14230583733842106,2
587,processed_data/file1_fragments/fragment588.csv,0.208739788108898,-0.3959422200562256,0.02473746597290097,2
588,processed_data/file1_fragments/fragment589.csv,-0.28705101355358315,-0.24690012911789505,-0.08278861428131531,2
589,processed_data/file1_fragments/fragment590.csv,0.22482647296818994,-0.28896873602101275,-0.03325324689483613,2
591,processed_data/file1_fragments/fragment592.csv,-0.08442224674863298,-0.4222580217637049,0.0806227145757269,2
592,processed_data/file1_fragments/fragment593.csv,-0.1948024950259499,-0.2986072571769163,0.10600604805042302,2
595,processed_data/file1_fragments/fragment596.csv,-0.060477301603278175,-0.26102279008899953,0.30204323856267257,2
596,processed_data/file1_fragments/fragment597.csv,-0.08034567791923483,-0.2351890752033385,0.2262431047218432,2
597,processed_data/file1_fragments/fragment598.csv,0.025394646989598438,-0.3203922984971996,0.02754365277599017,2
598,processed_data/file1_fragments/fragment599.csv,-0.028750740065690207,-0.33532244009593604,-0.08800779043080821,2
600,processed_data/file1_fragments/fragment601.csv,0.2557295022633901,-0.0986816818547264,-0.03873875217214565,2
602,processed_data/file1_fragments/fragment603.csv,0.19994467277728648,-0.11596069057254835,-0.008502739265566694,2
607,processed_data/file1_fragments/fragment608.csv,-0.12358704954184745,-0.2355053719975586,0.3533079395576155,2
610,processed_data/file1_fragments/fragment611.csv,-0.10479786180411543,-0.29847464828711234,-0.1920559991237362,2
615,processed_data/file1_fragments/fragment616.csv,0.10138605037817867,-0.09155904959197864,-0.030257272019532606,2
617,processed_data/file1_fragments/fragment618.csv,0.1969653560927737,-0.25020932779323724,0.06649221941353478,2
618,processed_data/file1_fragments/fragment619.csv,0.19170522290657466,-0.18194988562967834,0.0736620148584027,2
622,processed_data/file1_fragments/fragment623.csv,-0.06882051658620969,-0.08498519768762956,0.16949726539012544,2
625,processed_data/file1_fragments/fragment626.csv,0.2052919773253777,-0.3116082447361231,0.012461304138875496,2
628,processed_data/file1_fragments/fragment629.csv,0.3347966484774145,-0.2043623210225932,0.06133232584457541,2
629,processed_data/file1_fragments/fragment630.csv,-0.07025165128681114,-0.23807812895298086,0.06064589143258749,2
636,processed_data/file1_fragments/fragment637.csv,0.2582447222078448,-0.2210656562331364,0.024721246462623383,2
641,processed_data/file1_fragments/fragment642.csv,0.3269845520359533,-0.18869818250146173,-0.004991631529965125,2
654,processed_data/file1_fragments/fragment655.csv,-0.13836292698533306,-0.08550763163678002,0.02598600661128336,2
658,processed_data/file1_fragments/fragment659.csv,0.15705758684014567,-0.2047536558683488,-0.08010642098315522,2
660,processed_data/file1_fragments/fragment661.csv,0.2760491623045912,-0.13892198429366742,0.0048216744723138215,2
661,processed_data/file1_fragments/fragment662.csv,0.08737747839400495,-0.1001426374893807,0.13003612157334093,2
663,processed_data/file1_fragments/fragment664.csv,0.2791923347991929,-0.15682876078354224,-0.004121989161723747,2
668,processed_data/file1_fragments/fragment669.csv,-0.15921122818395952,-0.12034199095380953,0.06941731979237452,2
669,processed_data/file1_fragments/fragment670.csv,0.3047740304769648,-0.16448123504233286,0.02418116200553244,2
670,processed_data/file1_fragments/fragment671.csv,0.03412316740582566,-0.2629184958728101,0.14741297982572762,2
672,processed_data/file1_fragments/fragment673.csv,0.14382088157451456,-0.14636399832603314,-0.11790742405272912,2
673,processed_data/file1_fragments/fragment674.csv,-0.0001254199236964733,-0.12136810760975428,-0.12833441530194592,2
674,processed_data/file1_fragments/fragment675.csv,-0.017000035708637378,-0.06201203275766645,-0.030796241384503226,2
676,processed_data/file1_fragments/fragment677.csv,0.1976381109570637,-0.33045738896593485,-0.0622624430663741,2
683,processed_data/file1_fragments/fragment684.csv,-0.1592441281114643,-0.2478892407116357,0.003599454945924042,2
685,processed_data/file1_fragments/fragment686.csv,0.2187515026517592,-0.3550244991077866,0.09427600569526136,2
687,processed_data/file1_fragments/fragment688.csv,-0.07703092785476967,-0.32613731486405884,-0.16996441797884485,2
689,processed_data/file1_fragments/fragment690.csv,0.16920304428452926,-0.2814979901827507,-0.1513117847633561,2
690,processed_data/file1_fragments/fragment691.csv,-0.000209541972253874,-0.23036403052887275,-0.11423045692434018,2
695,processed_data/file1_fragments/fragment696.csv,0.2309554190105853,-0.24265704738380706,0.07528824728808364,2
696,processed_data/file1_fragments/fragment697.csv,-0.025950891641431797,-0.1217302217738593,0.3935689286046161,2
697,processed_data/file1_fragments/fragment698.csv,-0.2633136647721057,-0.298693014495072,-0.024233040962825213,2
698,processed_data/file1_fragments/fragment699.csv,0.1778835871756145,-0.3920310219814613,0.07617552589819376,2
699,processed_data/file1_fragments/fragment700.csv,0.12475603743911155,-0.3813148723496863,0.09867773032684776,2
701,processed_data/file1_fragments/fragment702.csv,0.3022124052430605,-0.2519371316163373,0.09635673939229412,2
710,processed_data/file1_fragments/fragment711.csv,0.0059192865332846996,-0.29110384697301833,0.04747123752862237,2
711,processed_data/file1_fragments/fragment712.csv,-0.22821140184328245,-0.19587936661799912,-0.01789487949315691,2
712,processed_data/file1_fragments/fragment713.csv,-0.13822558969122173,-0.17519807140897828,-0.22266999904156334,2
716,processed_data/file1_fragments/fragment717.csv,0.2676420178086892,-0.2774028988282202,0.001179223659328303,2
718,processed_data/file1_fragments/fragment719.csv,0.18852840583194366,-0.11871259655512373,0.044731295423936536,2
720,processed_data/file1_fragments/fragment721.csv,-0.09670279618935836,-0.4471067555503504,-0.6020855476648731,2
738,processed_data/file1_fragments/fragment739.csv,-0.2604508021395694,-0.2696847894941095,0.029987580350723138,2
746,processed_data/file1_fragments/fragment747.csv,0.2820585017940556,-0.12984472654874252,-0.1858666954187449,2
747,processed_data/file1_fragments/fragment748.csv,0.29551003755900185,-0.0970729551136355,0.2169307763584976,2
749,processed_data/file1_fragments/fragment750.csv,0.2863458235517733,-0.19200244095352115,0.029853714680192364,2
754,processed_data/file1_fragments/fragment755.csv,0.2402942007757828,-0.1766485773838054,-0.10343976102393572,2
756,processed_data/file1_fragments/fragment757.csv,-0.011461444796141541,-0.33886636875791226,0.2677967231380126,2
757,processed_data/file1_fragments/fragment758.csv,-0.2539587083025807,-0.16640283234661718,0.11296136079894155,2
758,processed_data/file1_fragments/fragment759.csv,0.2361725620935153,-0.1474217690568377,0.11997411617373616,2
761,processed_data/file1_fragments/fragment762.csv,0.26789415956217977,-0.21875425395797046,-0.12866338307290776,2
764,processed_data/file1_fragments/fragment765.csv,0.2103862813794316,-0.2936794797085135,0.12329395696571463,2
765,processed_data/file1_fragments/fragment766.csv,0.2736633039216673,-0.30118662539340896,0.07728523943276963,2
769,processed_data/file1_fragments/fragment770.csv,0.3461993767842999,-0.17131002234598766,0.031600626595235416,2
770,processed_data/file1_fragments/fragment771.csv,0.2671769618649089,-0.1489144461042705,0.06920297937836041,2
771,processed_data/file1_fragments/fragment772.csv,0.27720019018119346,-0.10997853592515723,0.05405294071098807,2
773,processed_data/file1_fragments/fragment774.csv,-0.03145657691459916,-0.2244425133615572,0.3315525616375071,2
774,processed_data/file1_fragments/fragment775.csv,0.3442249086548009,-0.2108415586510396,-0.03026157990424956,2
775,processed_data/file1_fragments/fragment776.csv,0.05687620143761996,-0.1128094187304121,0.19453913767664285,2
777,processed_data/file1_fragments/fragment778.csv,0.15706821186549338,-0.3877799421357709,0.039614031055096234,2
778,processed_data/file1_fragments/fragment779.csv,0.34448296816051704,-0.17384378287410093,0.007019937299415838,2
782,processed_data/file1_fragments/fragment783.csv,0.2322710806289103,-0.16059322258328887,-0.07553372588609003,2
784,processed_data/file1_fragments/fragment785.csv,0.20490629947843886,-0.1626889118108028,-0.0108242579499469,2
785,processed_data/file1_fragments/fragment786.csv,0.11032530734012244,-0.10306683991171453,0.05932362741809213,2
787,processed_data/file1_fragments/fragment788.csv,-0.08214677446188122,-0.12604468988538345,0.043068985932202285,2
788,processed_data/file1_fragments/fragment789.csv,0.06877404738469099,-0.1272020842103779,0.3784455401387369,2
790,processed_data/file1_fragments/fragment791.csv,-0.17517745716232086,-0.2643999504490848,-0.11764353241162435,2
791,processed_data/file1_fragments/fragment792.csv,0.2416874200669437,-0.27188651563671223,0.1400241218714313,2
793,processed_data/file1_fragments/fragment794.csv,0.17468838859017247,-0.21910227555223935,0.15509425824747014,2
794,processed_data/file1_fragments/fragment795.csv,0.17362849506211125,-0.24929651672100314,0.0015462975945424113,2
796,processed_data/file1_fragments/fragment797.csv,0.3151814568439435,-0.18373167759412154,0.07867671625166382,2
799,processed_data/file1_fragments/fragment800.csv,-0.104279307790056,-0.2515425345356237,0.05590201079486744,2
801,processed_data/file1_fragments/fragment802.csv,0.026967548013376086,-0.18099515849477474,0.18496389829567114,2
803,processed_data/file1_fragments/fragment804.csv,-0.18474377151185567,-0.3196112343557397,-0.057499340696614415,2
806,processed_data/file1_fragments/fragment807.csv,0.2373284793958921,-0.29401636011302074,0.054799900935132366,2
810,processed_data/file1_fragments/fragment811.csv,0.2077877855978743,-0.1466493705489904,0.05962516252039988,2
811,processed_data/file1_fragments/fragment812.csv,0.05729996098884513,-0.0880983004875872,0.06392454124553881,2
816,processed_data/file1_fragments/fragment817.csv,0.09481338800917986,-0.002470523084231597,-0.08335500815563046,2
818,processed_data/file1_fragments/fragment819.csv,0.26341291681544016,-0.22483943801133094,0.02332669655847903,2
820,processed_data/file1_fragments/fragment821.csv,-0.0996434741811173,-0.3476166723414706,-0.1867879259061724,2
821,processed_data/file1_fragments/fragment822.csv,-0.020906252337760767,-0.2266641942544983,-0.15636156085954436,2
823,processed_data/file1_fragments/fragment824.csv,0.13057522412722866,-0.34408272126658296,0.018782441416888528,2
824,processed_data/file1_fragments/fragment825.csv,0.21898233120210767,-0.3338505007764496,0.14621926001633645,2
825,processed_data/file1_fragments/fragment826.csv,-0.11509942722676725,-0.3495878922047088,-0.13154075011679595,2
826,processed_data/file1_fragments/fragment827.csv,0.14350182137257647,-0.33535596998901035,0.13064803877717254,2
827,processed_data/file1_fragments/fragment828.csv,-0.182470917868632,-0.21157205059398346,-0.00874161551831562,2
828,processed_data/file1_fragments/fragment829.csv,0.05904217180303421,-0.4367781196505854,-0.023577343338919192,2
829,processed_data/file1_fragments/fragment830.csv,0.05773278093345414,-0.05209339497899716,0.13282642679904602,2
830,processed_data/file1_fragments/fragment831.csv,0.18250073643607112,-0.22424306082617407,0.2202462216608984,2
832,processed_data/file1_fragments/fragment833.csv,0.3103438810966689,-0.17377426083059372,0.02430569951490131,2
838,processed_data/file1_fragments/fragment839.csv,-0.2070150480106034,-0.2621633910647851,0.08315774599926587,2
840,processed_data/file1_fragments/fragment841.csv,0.2999977817068551,-0.1657692677762383,-0.0526655339583513,2
846,processed_data/file1_fragments/fragment847.csv,-0.0797547526132227,-0.3057744921995721,0.09618687230834336,2
848,processed_data/file1_fragments/fragment849.csv,-0.1425118806374893,-0.12797715323779552,0.07004125996111878,2
854,processed_data/file1_fragments/fragment855.csv,0.07286572923418598,-0.2332864903281779,0.011741073436741016,2
855,processed_data/file1_fragments/fragment856.csv,-0.038848799511315,-0.17541857137688172,-0.24744437653795864,2
858,processed_data/file1_fragments/fragment859.csv,-0.294270874402695,-0.27811762488151576,-0.008535755846958233,2
859,processed_data/file1_fragments/fragment860.csv,0.17448513454143846,-0.2199034819687099,-0.12576681984632246,2
861,processed_data/file1_fragments/fragment862.csv,0.26320222990880965,-0.3493188993084586,-0.04394332226074176,2
866,processed_data/file1_fragments/fragment867.csv,0.11281635575142245,-0.210314679106874,0.07608738843827989,2
869,processed_data/file1_fragments/fragment870.csv,-0.054574339738410256,-0.18275815330808884,0.03304065665878885,2
873,processed_data/file1_fragments/fragment874.csv,0.20204893533210613,-0.02086896015410403,0.039533903791136346,2
876,processed_data/file1_fragments/fragment877.csv,-0.21203698304779364,-0.17547801670496593,0.16893337722012766,2
879,processed_data/file1_fragments/fragment880.csv,0.11957955830082916,-0.2416680781067241,-0.016340136729479975,2
881,processed_data/file1_fragments/fragment882.csv,0.03575707413163349,-0.10531746425391936,-0.038853484075505214,2
882,processed_data/file1_fragments/fragment883.csv,-0.03936212427199248,-0.2214274809181941,-0.4177273655651365,2
884,processed_data/file1_fragments/fragment885.csv,-0.02132833631369264,-0.2889167177732821,-0.07335255970050182,2
888,processed_data/file1_fragments/fragment889.csv,0.1342884088395086,-0.18237452026190987,-0.02202556725791064,2
896,processed_data/file1_fragments/fragment897.csv,0.0906560176265115,-0.19678020751536826,0.13634006783176805,2
897,processed_data/file1_fragments/fragment898.csv,0.2114263030263482,-0.27403920530006376,-0.05307280681881359,2
898,processed_data/file1_fragments/fragment899.csv,-0.20280014556846648,-0.12555105908366193,0.07473350000472828,2
903,processed_data/file1_fragments/fragment904.csv,0.10126569504442927,-0.2305506907816804,0.0381031643216428,2
904,processed_data/file1_fragments/fragment905.csv,0.0299765436765794,-0.03643588202507912,-0.1158014259648698,2
905,processed_data/file1_fragments/fragment906.csv,0.30399782642076306,-0.19891711025873207,0.2161106234383395,2
906,processed_data/file1_fragments/fragment907.csv,0.2513450977867813,-0.251077239921312,-0.03740706119681565,2
907,processed_data/file1_fragments/fragment908.csv,-0.10629547843021253,-0.25097933005791323,-0.22511511680588064,2
911,processed_data/file1_fragments/fragment912.csv,0.24446993931784186,-0.07930538069247002,-0.02002343019049931,2
912,processed_data/file1_fragments/fragment913.csv,0.06825255639299299,-0.17630406310296035,-0.04867411711227551,2
916,processed_data/file1_fragments/fragment917.csv,-0.0649333745213803,-0.3619877578472065,0.09658140684359573,2
918,processed_data/file1_fragments/fragment919.csv,0.11794515203388352,-0.03623564344384262,-0.11090910985020212,2
924,processed_data/file1_fragments/fragment925.csv,0.3234407040209737,-0.18911900581653,0.06134699673714428,2
925,processed_data/file1_fragments/fragment926.csv,0.13602600389477215,-0.3052612880485042,0.11759243049072922,2
927,processed_data/file1_fragments/fragment928.csv,0.1633690087507853,-0.3385430215165123,0.010332206720680729,2
928,processed_data/file1_fragments/fragment929.csv,0.15672662906216794,-0.2670344276629585,-0.032380273065956734,2
930,processed_data/file1_fragments/fragment931.csv,-0.026003402957787115,-0.34179425054464746,0.09010199736143576,2
932,processed_data/file1_fragments/fragment933.csv,0.1799024314360081,-0.385716750721241,0.05049333152611744,2
934,processed_data/file1_fragments/fragment935.csv,-0.06324573609614019,-0.1358002532272043,0.36840493252650747,2
935,processed_data/file1_fragments/fragment936.csv,0.05338295847060148,-0.2739832125812092,0.07904108439654044,2
936,processed_data/file1_fragments/fragment937.csv,0.03561787997438258,-0.06590465185453041,0.0898185592734723,2
938,processed_data/file1_fragments/fragment939.csv,0.16396024245442806,-0.1588216169591651,0.07050202055526736,2
943,processed_data/file1_fragments/fragment944.csv,0.1004598069590215,-0.06604183801326148,0.20191966221635607,2
944,processed_data/file1_fragments/fragment945.csv,0.3046154497382673,-0.1580518017032115,0.10166809000354103,2
947,processed_data/file1_fragments/fragment948.csv,0.23993310030913995,-0.2223063247218469,0.06592052554576673,2
952,processed_data/file1_fragments/fragment953.csv,0.2526304256657602,-0.10518654681198993,0.11737885042846745,2
953,processed_data/file1_fragments/fragment954.csv,0.2128793758494595,-0.20329044993733408,0.21102147989880754,2
954,processed_data/file1_fragments/fragment955.csv,0.15532401309879007,-0.3992157525316518,-0.14225146051763307,2
956,processed_data/file1_fragments/fragment957.csv,0.3234085239988403,-0.1646367499311901,0.08585427357933316,2
962,processed_data/file1_fragments/fragment963.csv,-0.08170924067905172,-0.4198144104836002,0.08023680159372898,2
980,processed_data/file1_fragments/fragment981.csv,-0.14787872913135047,-0.16598599258598742,0.08574552879463886,2
982,processed_data/file1_fragments/fragment983.csv,0.23714834094651516,-0.01608675723474684,0.6014376087575763,2
983,processed_data/file1_fragments/fragment984.csv,0.06271601978266997,-0.19479824831426829,0.11859236940572306,2
984,processed_data/file1_fragments/fragment985.csv,0.0007577729826786796,-0.3136007938513088,-0.042429505014835486,2
985,processed_data/file1_fragments/fragment986.csv,-0.21502428228959647,-0.154489241333255,-0.031339036420203845,2
995,processed_data/file1_fragments/fragment996.csv,0.121982395849759,-0.25841978127066645,0.1822750574644008,2
997,processed_data/file1_fragments/fragment998.csv,0.1875244839294575,-0.07584874238380028,0.5350595998136527,2
999,processed_data/file1_fragments/fragment1000.csv,0.07927877295974088,-0.0727344954368657,-0.04104422526249815,2
1003,processed_data/file1_fragments/fragment1004.csv,0.2827262720164725,-0.13059602894760455,0.016335577042729726,2
1009,processed_data/file1_fragments/fragment1010.csv,0.13953705817915485,-0.29662703371295945,-0.2931423669589637,2
1010,processed_data/file1_fragments/fragment1011.csv,0.1990541438682984,-0.23401779438872103,-0.17096993462581878,2
1012,processed_data/file1_fragments/fragment1013.csv,-0.10082927628159342,-0.10668759054997642,-0.0321196476858281,2
1023,processed_data/file1_fragments/fragment1024.csv,-0.06688702006158949,-0.14526683625633094,0.1047877708339928,2
1024,processed_data/file1_fragments/fragment1025.csv,-0.09071448303302364,-0.2718030579242455,-0.15400166511593832,2
1025,processed_data/file1_fragments/fragment1026.csv,0.0685262453304831,-0.1260293168232209,0.004898089605233432,2
1026,processed_data/file1_fragments/fragment1027.csv,0.043869819581390926,-0.24239589158088976,-0.03409643554032093,2
1039,processed_data/file1_fragments/fragment1040.csv,-0.20449792569768796,-0.12174003940661883,0.13645736562634206,2
1041,processed_data/file1_fragments/fragment1042.csv,0.021468548970061292,-0.317989428902777,-0.15085428893122246,2
1053,processed_data/file1_fragments/fragment1054.csv,-0.09823330111621303,-0.219651068656084,-0.19051213891380184,2
1069,processed_data/file1_fragments/fragment1070.csv,0.2162967286832937,-0.09610105122980883,0.07277743559001283,2
1083,processed_data/file1_fragments/fragment1084.csv,0.28063139282681904,-0.13231535951205362,0.09481357798994236,2
1085,processed_data/file1_fragments/fragment1086.csv,0.23163594389354825,-0.3236252401014561,0.08814028159957965,2
1092,processed_data/file1_fragments/fragment1093.csv,0.06385282686881062,-0.2870558258831401,-0.09929654703553263,2
1098,processed_data/file1_fragments/fragment1099.csv,-0.1844936708449594,-0.4373460422993443,-0.6199280726588742,2
1101,processed_data/file1_fragments/fragment1102.csv,0.056882002388319565,-0.4274693322017277,-0.22214582021609408,2
1102,processed_data/file1_fragments/fragment1103.csv,-0.01681963120854014,-0.15828030555538455,-0.0517392142892362,2
1105,processed_data/file1_fragments/fragment1106.csv,0.3521754702035545,-0.25231907176428225,-0.0034951895302561538,2
1115,processed_data/file1_fragments/fragment1116.csv,0.07407961728680625,-0.4137913801884979,-0.5689053729522282,2
1117,processed_data/file1_fragments/fragment1118.csv,0.01228589987877552,-0.07400649307806532,0.05274263694529281,2
1123,processed_data/file1_fragments/fragment1124.csv,-0.19008127546686307,-0.30340460281936016,-0.003158582386595821,2
1134,processed_data/file1_fragments/fragment1135.csv,0.24310930745068104,-0.09002659390550442,-0.0007533944392481076,2
1136,processed_data/file1_fragments/fragment1137.csv,0.10762994835693276,-0.2954905625724116,-0.016427786768316792,2
1142,processed_data/file1_fragments/fragment1143.csv,-0.18820109147105024,-0.4362307308549805,-0.6165245586225067,2
1160,processed_data/file1_fragments/fragment1161.csv,0.24491062265320115,-0.12562624460735924,0.9534234030592676,2
1163,processed_data/file1_fragments/fragment1164.csv,0.0423579218437943,-0.3086188597063648,-0.03425321336853445,2
1164,processed_data/file1_fragments/fragment1165.csv,0.01689706790466703,-0.035063471247148405,0.09152443440634356,2
1169,processed_data/file1_fragments/fragment1170.csv,0.00031114892066019047,-0.14393230792817185,-0.045214309352852665,2
1170,processed_data/file1_fragments/fragment1171.csv,-0.0595062605294793,-0.1481054788264363,0.031633831719258286,2
1171,processed_data/file1_fragments/fragment1172.csv,-0.2404264739966454,-0.3004609321614216,-0.22396595397294067,2
1172,processed_data/file1_fragments/fragment1173.csv,0.04676143606878391,-0.02219691063177815,0.7767901716027803,2
1173,processed_data/file1_fragments/fragment1174.csv,0.025687522743863704,-0.3384018269925165,0.03906283156296359,2
1174,processed_data/file1_fragments/fragment1175.csv,-0.040865599159065916,-0.2866057041132273,-0.15256675262616906,2
1187,processed_data/file1_fragments/fragment1188.csv,0.3284959849846133,-0.1812618132887404,0.10182573694734418,2
1190,processed_data/file1_fragments/fragment1191.csv,-0.014405192660162106,-0.2560929401865866,0.12052767765825688,2
1191,processed_data/file1_fragments/fragment1192.csv,0.03227765775764669,-0.16825833455211292,-0.041873311193910516,2
1192,processed_data/file1_fragments/fragment1193.csv,0.1806528038211628,-0.22003536434535512,-0.021713133157233618,2
1193,processed_data/file1_fragments/fragment1194.csv,-0.01978087887442153,-0.10385331693621166,-0.03321450071983409,2
1201,processed_data/file1_fragments/fragment1202.csv,0.21312369353296864,-0.14166579653209785,0.0507806105533411,2
1204,processed_data/file1_fragments/fragment1205.csv,-0.11347585520177456,-0.3169866895038158,-0.31214159685319304,2
1212,processed_data/file1_fragments/fragment1213.csv,-0.04570730258172175,-0.10022008102995666,-0.051772678123780495,2
1215,processed_data/file1_fragments/fragment1216.csv,0.17161361194823918,-0.024054180942343732,-0.05953645564095793,2
1218,processed_data/file1_fragments/fragment1219.csv,0.3400146385034334,-0.190292229920844,-0.12271490469885032,2
1220,processed_data/file1_fragments/fragment1221.csv,0.325737623307885,-0.2144101991216905,0.14616271203345113,2
1223,processed_data/file1_fragments/fragment1224.csv,0.08170323717432887,-0.3857130712794168,-0.00021474589321043283,2
1224,processed_data/file1_fragments/fragment1225.csv,-0.1489720556904838,-0.2792278028691722,0.1154111088223136,2
1228,processed_data/file1_fragments/fragment1229.csv,0.07875694605776075,-0.061646568483697324,-0.02183466699783768,2
1229,processed_data/file1_fragments/fragment1230.csv,0.2845996796924847,-0.17005205730418652,0.0986453439195172,2
1231,processed_data/file1_fragments/fragment1232.csv,-0.13387275803531448,-0.24214002264498335,-0.14971446631933055,2
1232,processed_data/file1_fragments/fragment1233.csv,-0.1630360422928782,-0.2613357016687168,0.016652721745264727,2
1233,processed_data/file1_fragments/fragment1234.csv,0.04787640441858111,-0.07685863828922178,0.04750980888388919,2
1238,processed_data/file1_fragments/fragment1239.csv,0.05274534423957339,-0.19550116329118,-0.02291015806855369,2
1246,processed_data/file1_fragments/fragment1247.csv,0.1352378964063634,-0.047774182766190255,-0.016747115651691718,2
1251,processed_data/file1_fragments/fragment1252.csv,0.13176678617167442,0.004801648762433886,-0.05481061709478092,2
1265,processed_data/file1_fragments/fragment1266.csv,0.133219056813898,-0.19892839067223747,-0.04141513867862071,2
1270,processed_data/file1_fragments/fragment1271.csv,0.13318545019778186,-0.16344994651989822,-0.0037661594424663056,2
1277,processed_data/file1_fragments/fragment1278.csv,0.28096357817593864,-0.10108411159180906,-0.015058246611036184,2
1279,processed_data/file1_fragments/fragment1280.csv,0.2456278589681309,-0.15986424926777998,0.003687110111656029,2
1286,processed_data/file1_fragments/fragment1287.csv,0.04494216132759905,-0.3520591445598716,0.13060390744402128,2
1288,processed_data/file1_fragments/fragment1289.csv,0.2212999243854879,-0.190708977507395,0.21561139302991345,2
1299,processed_data/file1_fragments/fragment1300.csv,-0.02414626313035801,-0.19582654838830726,0.0770235956754714,2
1316,processed_data/file1_fragments/fragment1317.csv,0.0457637543921351,-0.211191254924892,-0.0724643892402041,2
1317,processed_data/file1_fragments/fragment1318.csv,-0.039483637196401064,-0.3550400770039357,0.34208896613937845,2
1326,processed_data/file1_fragments/fragment1327.csv,-0.09864578684051986,-0.3443738049473869,0.014409806755246515,2
1334,processed_data/file1_fragments/fragment1335.csv,0.10591176680563102,-0.2897571910370498,0.09746528317957284,2
1336,processed_data/file1_fragments/fragment1337.csv,0.28188689766341296,-0.16217313121210242,0.0740265855713023,2
1338,processed_data/file1_fragments/fragment1339.csv,0.13363388267396276,-0.2135325304046292,0.01924238950499617,2
1339,processed_data/file1_fragments/fragment1340.csv,0.11020923970116944,-0.2856808733064809,0.0860261516546774,2
1341,processed_data/file1_fragments/fragment1342.csv,0.2688654924896014,-0.18678619141725594,0.02625487372025901,2
1342,processed_data/file1_fragments/fragment1343.csv,-0.0106069930966454,-0.2980643180647941,-0.017890388222361518,2
1348,processed_data/file1_fragments/fragment1349.csv,0.1193568714650332,-0.4325238944742559,0.14991041496314073,2
