0.32,4.14,1.30,-0.90,0.92,0.06,0.02,1.47,0.43
29.70,29.70,0.96,-1.01,0.00,0.47,0.42,6.99,1.35
26.39,26.39,32.30,-5.48,0.00,0.17,0.83,12.30,15.53
34.38,34.38,1.30,-1.11,0.00,0.42,0.47,9.77,1.73
0.76,6.02,1.71,-1.37,0.87,0.06,0.06,2.29,0.69
11.12,11.12,2.10,-0.60,0.00,0.33,0.33,0.99,1.42
7.34,7.34,1.19,-0.82,0.00,0.46,0.54,1.69,1.25
3.97,6.79,1.62,-1.56,0.41,0.33,0.33,4.75,1.70
4.27,5.20,3.35,-1.53,0.18,0.30,0.56,3.34,2.83
31.28,31.28,0.88,-0.89,0.00,0.46,0.44,9.22,1.26
19.56,26.88,0.95,-0.90,0.27,0.34,0.33,13.27,1.14
10.81,10.81,0.80,-0.50,0.00,0.50,0.50,0.95,0.85
8.65,8.65,1.25,-0.87,0.00,0.57,0.43,1.52,1.26
14.75,26.54,3.17,-3.33,0.44,0.28,0.25,15.60,5.30
29.85,56.68,1.57,-1.46,0.47,0.24,0.25,30.56,3.72
2.63,7.14,1.38,-1.94,0.63,0.24,0.14,4.26,1.59
42.79,43.91,2.85,-2.88,0.03,0.40,0.40,14.70,5.70
37.60,38.00,1.73,-1.81,0.01,0.50,0.46,14.22,2.35
20.97,22.69,1.28,-1.86,0.08,0.54,0.35,12.08,1.95
60.50,60.50,0.90,-1.17,0.00,0.62,0.28,13.75,1.46
23.78,34.56,1.37,-3.34,0.31,0.48,0.17,21.43,2.86
43.31,45.61,1.40,-1.42,0.05,0.51,0.36,17.76,3.41
18.32,23.54,1.28,-1.00,0.22,0.32,0.39,12.77,1.89
7.24,7.24,1.93,-1.30,0.00,0.43,0.57,2.14,2.11
37.93,37.93,1.91,-1.94,0.00,0.50,0.42,15.27,2.58
12.20,16.27,2.18,-1.64,0.25,0.31,0.39,12.22,2.19
8.71,8.71,1.20,-1.33,0.00,0.52,0.36,4.09,1.59
24.33,42.43,1.38,-2.52,0.43,0.35,0.19,26.03,2.08
45.56,45.56,1.38,-1.63,0.00,0.51,0.43,18.47,2.75
17.94,22.43,1.40,-1.21,0.20,0.36,0.40,11.58,1.57
10.26,10.26,0.62,-0.40,0.00,0.50,0.50,0.88,0.63
20.21,20.21,1.40,-0.93,0.00,0.38,0.56,5.86,1.37
6.03,6.03,0.99,-1.20,0.00,0.60,0.33,2.44,1.15
10.02,10.02,0.68,-0.48,0.00,0.42,0.50,1.20,0.75
9.05,9.05,0.52,-0.80,0.00,0.56,0.22,0.78,0.67
18.17,18.17,0.96,-1.62,0.00,0.61,0.35,6.41,1.48
36.11,36.11,1.00,-1.27,0.00,0.52,0.40,8.73,1.57
11.08,11.08,1.53,-0.10,0.00,0.75,0.25,1.99,0.88
3.74,13.78,1.21,-1.10,0.73,0.19,0.09,6.53,0.85
2.49,6.26,1.00,-1.21,0.60,0.20,0.15,3.33,0.96
10.50,10.50,0.43,-0.90,0.00,0.60,0.20,0.42,0.61
18.58,18.58,0.62,-0.75,0.00,0.47,0.37,3.62,0.79
13.29,13.29,1.38,-0.97,0.00,0.37,0.48,2.85,1.71
24.90,24.90,0.88,-0.84,0.00,0.45,0.47,4.76,1.05
23.38,23.38,1.22,-1.07,0.00,0.45,0.49,5.36,1.67
26.50,26.50,1.80,-1.54,0.00,0.48,0.44,7.49,2.26
8.58,12.96,2.60,-1.19,0.34,0.29,0.33,12.30,3.78
24.03,24.03,1.35,-1.14,0.00,0.45,0.48,5.75,1.65
23.70,23.70,1.05,-1.40,0.00,0.51,0.38,8.59,1.59
20.54,20.54,1.35,-1.60,0.00,0.52,0.43,6.21,1.78
7.84,7.84,1.40,-1.31,0.00,0.53,0.42,3.14,1.64
23.77,23.77,1.51,-1.45,0.00,0.47,0.47,7.57,1.98
25.01,25.01,1.53,-2.76,0.00,0.65,0.35,8.94,2.49
38.07,38.07,1.72,-1.87,0.00,0.51,0.43,16.27,2.68
30.36,34.69,2.42,-2.15,0.12,0.41,0.44,17.09,2.88
49.64,49.64,1.29,-1.20,0.00,0.47,0.46,16.92,1.97
9.00,9.00,2.20,0.0,0.00,0.67,0.00,2.18,1.40
6.97,10.63,2.38,-1.41,0.34,0.32,0.36,7.52,1.97
24.07,24.07,1.22,-1.80,0.00,0.61,0.37,6.93,1.85
11.43,11.43,10.90,-2.10,0.00,0.50,0.50,5.78,9.19
36.69,36.69,3.55,-2.67,0.00,0.43,0.50,10.74,4.88
9.83,24.53,1.74,-1.80,0.60,0.20,0.19,15.68,1.43
37.47,37.47,1.45,-2.86,0.00,0.63,0.29,14.29,2.48
36.51,36.51,1.35,-1.66,0.00,0.53,0.39,11.16,1.85
17.41,20.79,1.55,-1.29,0.16,0.34,0.39,16.72,1.90
35.36,40.44,1.61,-1.66,0.13,0.43,0.41,25.71,2.39
4.39,18.07,8.21,-0.13,0.76,0.19,0.08,13.79,6.94
58.71,58.71,3.00,-2.94,0.00,0.48,0.49,22.79,5.07
17.01,17.01,1.71,-1.78,0.00,0.48,0.43,4.80,2.42
4.39,7.99,1.89,-2.67,0.45,0.37,0.16,5.37,2.15
7.63,14.90,1.64,-1.44,0.49,0.24,0.25,8.86,1.36
21.53,21.53,1.14,-1.12,0.00,0.48,0.45,4.56,1.52
28.52,28.52,1.02,-1.44,0.00,0.54,0.36,7.96,1.67
28.50,28.69,1.83,-1.64,0.01,0.44,0.48,13.78,4.81
43.87,43.87,0.92,-0.98,0.00,0.47,0.42,13.39,1.32
28.81,28.81,1.58,-1.25,0.00,0.41,0.51,9.26,2.37
7.23,9.99,1.52,-0.94,0.28,0.35,0.32,7.98,1.58
44.09,45.36,1.02,-0.94,0.03,0.43,0.44,18.19,2.07
37.64,39.67,0.83,-1.02,0.05,0.49,0.38,13.06,1.37
7.38,20.35,1.82,-1.15,0.64,0.24,0.11,12.01,1.21
34.04,34.97,0.95,-0.94,0.03,0.54,0.40,11.29,1.27
26.00,32.47,0.92,-1.14,0.20,0.42,0.32,16.36,1.44
27.72,33.94,0.92,-1.06,0.18,0.43,0.35,16.74,1.43
20.01,20.01,1.24,-0.96,0.00,0.43,0.48,8.80,1.34
1.11,6.31,2.49,-3.63,0.82,0.12,0.05,3.37,1.54
3.76,4.90,2.94,-1.99,0.23,0.36,0.38,4.55,3.32
15.97,15.97,23.00,0.0,0.00,0.50,0.00,13.28,16.26
32.46,32.46,3.18,-2.16,0.00,0.36,0.38,4.68,3.83
27.90,27.90,21.45,-18.50,0.00,0.20,0.10,8.78,11.64
8.57,8.57,10.30,-3.40,0.00,0.50,0.50,5.25,9.69
6.43,6.43,10.90,-1.20,0.00,0.50,0.50,5.98,8.56
2.77,4.84,5.20,-2.09,0.43,0.26,0.26,4.87,4.96
13.88,13.88,10.33,-5.07,0.00,0.21,0.21,6.13,5.78
2.44,4.28,3.80,-5.20,0.43,0.50,0.17,4.38,5.36
9.37,9.37,3.60,-0.40,0.00,0.50,0.50,1.97,2.83
18.28,18.28,3.52,-2.11,0.00,0.40,0.60,9.08,5.22
3.06,5.10,11.20,-1.52,0.40,0.11,0.56,3.81,4.16
7.80,15.60,5.98,-4.05,0.50,0.29,0.24,10.28,4.96
10.63,10.63,3.20,0.0,0.00,0.50,0.00,1.85,2.26
7.70,11.55,22.90,-0.20,0.33,0.50,0.50,13.16,16.33
0.47,2.76,2.00,-1.84,0.83,0.09,0.07,2.13,1.67
11.07,11.07,0.97,0.0,0.00,1.00,0.00,1.30,0.40
31.97,32.14,1.79,-1.60,0.01,0.44,0.45,8.38,2.68
38.42,40.37,1.08,-1.07,0.05,0.43,0.43,14.81,1.76
9.81,16.56,4.08,-2.01,0.41,0.23,0.38,10.16,3.46
2.50,6.49,3.77,-1.39,0.62,0.12,0.28,3.73,1.69
14.31,14.31,1.90,-2.35,0.00,0.57,0.43,5.37,2.74
28.07,32.67,1.62,-2.32,0.14,0.51,0.29,20.45,2.47
36.74,36.74,1.09,-1.26,0.00,0.49,0.42,9.56,1.60
22.42,27.55,1.14,-1.11,0.19,0.38,0.38,13.50,1.40
2.65,11.70,2.03,-1.13,0.77,0.09,0.14,5.47,0.92
38.28,39.08,1.16,-1.65,0.02,0.52,0.37,12.72,2.12
33.78,35.37,1.85,-2.11,0.04,0.50,0.41,13.73,4.07
46.94,46.94,2.27,-6.40,0.00,0.74,0.21,13.97,5.53
35.98,37.43,1.10,-1.53,0.04,0.54,0.38,13.93,2.07
19.95,38.08,1.58,-1.67,0.48,0.25,0.23,22.63,1.45
31.27,36.36,1.08,-1.18,0.14,0.41,0.36,16.16,1.45
32.54,32.54,1.11,-1.26,0.00,0.54,0.43,15.09,1.56
4.58,5.89,1.79,-1.84,0.22,0.35,0.27,5.44,2.08
3.76,5.65,1.60,-1.39,0.33,0.31,0.31,4.18,1.63
8.15,10.06,3.07,-1.39,0.19,0.30,0.55,6.13,3.80
16.19,16.19,1.03,-0.92,0.00,0.48,0.45,4.25,1.18
9.35,33.89,3.51,-2.48,0.72,0.12,0.15,17.75,3.75
20.92,20.92,2.26,-1.48,0.00,0.40,0.57,8.50,2.35
8.26,11.88,2.08,-1.56,0.30,0.36,0.36,6.62,2.45
15.00,15.00,0.64,-0.68,0.00,0.50,0.40,4.16,0.76
14.87,14.87,1.21,-1.16,0.00,0.45,0.36,3.44,1.49
9.09,14.74,1.62,-1.38,0.38,0.29,0.31,9.67,1.56
11.62,21.86,1.74,-1.67,0.47,0.26,0.26,14.26,1.85
18.21,25.33,3.16,-4.57,0.28,0.45,0.29,15.23,4.38
5.38,14.43,3.11,-2.03,0.63,0.16,0.22,7.97,1.96
25.29,25.29,1.54,-1.49,0.00,0.47,0.44,8.15,2.11
17.95,17.95,2.68,-2.30,0.00,0.46,0.50,10.25,2.84
11.14,17.56,1.92,-2.51,0.37,0.38,0.25,11.61,2.37
21.75,22.37,1.07,-1.34,0.03,0.48,0.37,15.68,1.61
13.88,14.51,1.96,-1.91,0.04,0.47,0.47,8.60,2.60
18.92,18.92,1.52,-1.39,0.00,0.50,0.45,5.81,2.04
20.48,22.16,1.11,-1.26,0.08,0.47,0.40,8.86,1.81
3.42,6.15,1.80,-2.13,0.44,0.35,0.18,4.27,2.00
11.46,11.46,1.20,-1.23,0.00,0.56,0.44,1.62,1.44
8.69,8.69,0.88,-0.83,0.00,0.60,0.40,2.00,1.10
14.75,14.75,1.12,-1.16,0.00,0.50,0.44,3.44,1.69
14.10,14.10,0.73,-0.71,0.00,0.48,0.38,2.84,0.89
19.77,19.77,1.42,-1.20,0.00,0.43,0.49,5.25,1.63
5.35,18.98,1.39,-1.76,0.72,0.16,0.11,9.36,1.11
9.27,13.43,2.33,-2.81,0.31,0.39,0.29,8.68,2.87
8.51,13.46,1.78,-1.21,0.37,0.26,0.37,8.58,1.58
12.49,12.49,1.26,-1.35,0.00,0.78,0.22,2.61,1.55
16.57,19.20,2.65,-1.61,0.14,0.34,0.40,9.50,2.69
12.32,12.32,3.86,-2.77,0.00,0.45,0.55,5.80,4.21
9.26,19.31,0.99,-1.19,0.52,0.25,0.18,11.68,1.10
1.04,6.15,1.66,-0.18,0.83,0.10,0.06,2.98,0.78
8.09,8.09,0.66,-0.60,0.00,0.50,0.44,1.73,0.73
6.07,6.07,1.20,-0.71,0.00,0.32,0.53,2.47,1.10
14.87,14.87,1.02,-1.11,0.00,0.49,0.44,7.47,1.37
35.56,35.56,1.84,-1.60,0.00,0.53,0.44,11.98,2.34
8.04,13.51,1.93,-2.45,0.41,0.36,0.22,8.74,1.88
14.22,31.74,1.98,-1.65,0.55,0.21,0.23,18.65,1.55
2.51,7.34,1.50,-2.27,0.66,0.22,0.08,4.25,1.17
8.69,8.69,1.34,-1.23,0.00,0.64,0.27,3.79,1.66
12.29,13.69,1.42,-1.70,0.10,0.44,0.33,8.98,2.18
29.04,29.04,0.97,-0.94,0.00,0.45,0.43,8.39,1.27
38.26,42.00,0.90,-1.07,0.09,0.46,0.38,16.10,1.31
12.89,16.65,1.79,-3.11,0.23,0.50,0.27,10.64,2.90
28.36,29.08,1.80,-1.16,0.02,0.38,0.55,13.56,2.08
41.31,43.26,1.19,-1.21,0.05,0.45,0.42,18.88,2.29
1.37,4.11,1.72,-1.17,0.67,0.14,0.19,2.42,1.07
30.13,30.13,1.52,-1.48,0.00,0.49,0.44,18.05,3.17
25.59,29.66,1.22,-1.30,0.14,0.41,0.38,15.07,1.63
25.71,25.71,1.44,-1.68,0.00,0.52,0.44,11.83,2.18
33.73,33.73,1.24,-1.69,0.00,0.55,0.38,15.83,2.02
25.83,37.87,1.00,-1.44,0.32,0.38,0.25,20.14,1.51
26.79,27.11,1.02,-1.62,0.01,0.56,0.33,14.02,1.77
17.46,17.46,1.82,-1.92,0.00,0.49,0.43,8.46,2.32
44.72,44.72,1.07,-1.45,0.00,0.53,0.38,10.50,1.78
51.53,51.53,1.06,-1.17,0.00,0.48,0.40,15.57,1.62
57.54,59.03,1.41,-1.31,0.03,0.44,0.46,16.88,2.83
59.68,59.68,0.99,-1.39,0.00,0.56,0.35,12.36,1.88
35.33,36.76,0.97,-1.18,0.04,0.50,0.38,14.25,1.56
9.88,9.88,1.64,-1.01,0.00,0.42,0.58,2.79,1.53
0.86,9.89,18.90,-1.70,0.91,0.01,0.08,3.36,1.97
4.17,14.61,1.53,-2.48,0.71,0.16,0.10,10.34,2.13
12.52,12.52,1.67,-1.26,0.00,0.48,0.48,4.59,1.87
22.01,28.42,1.61,-2.34,0.23,0.44,0.29,17.71,2.11
8.08,21.15,2.44,-1.65,0.62,0.16,0.21,10.99,2.61
30.42,34.87,1.05,-1.71,0.13,0.50,0.30,17.77,2.15
21.60,21.60,1.91,-2.59,0.00,0.62,0.38,10.25,2.78
10.13,10.13,1.00,-0.85,0.00,0.67,0.33,1.16,1.08
2.14,5.81,2.88,-2.30,0.63,0.22,0.17,3.80,2.13
7.22,8.92,2.76,-1.71,0.19,0.40,0.50,6.69,2.63
40.07,41.86,1.72,-1.71,0.04,0.43,0.43,19.04,5.44
1.06,10.69,2.16,-2.55,0.90,0.06,0.04,3.41,0.87
6.60,10.62,1.35,-1.17,0.38,0.31,0.31,5.95,1.51
10.45,12.44,3.74,-3.13,0.16,0.38,0.42,10.15,3.88
47.08,51.00,2.07,-3.75,0.08,0.58,0.30,26.64,3.64
33.27,44.54,2.32,-2.10,0.25,0.35,0.37,23.53,2.74
48.69,52.77,1.06,-1.27,0.08,0.47,0.38,24.74,1.65
32.48,38.33,1.53,-1.35,0.15,0.38,0.42,16.61,1.93
22.99,32.43,1.84,-2.05,0.29,0.40,0.31,19.47,2.50
6.26,6.26,1.12,-1.21,0.00,0.56,0.39,2.51,1.49
42.49,48.26,1.71,-3.03,0.12,0.55,0.30,23.60,2.95
55.06,59.61,1.05,-1.18,0.08,0.45,0.39,20.09,1.60
47.08,49.87,0.91,-1.01,0.06,0.45,0.40,18.09,1.33
37.70,37.70,2.32,-3.87,0.00,0.61,0.34,21.61,3.77
10.24,10.24,1.50,-1.90,0.00,0.50,0.38,2.10,1.72
9.45,17.54,1.45,-1.28,0.46,0.26,0.25,9.29,1.45
9.63,13.53,1.26,-1.85,0.29,0.45,0.27,10.48,2.03
9.50,16.63,1.68,-1.35,0.43,0.26,0.29,9.37,1.54
16.15,20.41,1.55,-1.59,0.21,0.41,0.35,11.62,2.01
17.74,20.99,1.62,-1.67,0.15,0.44,0.40,9.89,2.26
23.48,23.48,1.89,-1.30,0.00,0.45,0.52,7.99,2.44
1.06,4.58,2.52,-1.60,0.77,0.08,0.10,2.75,1.22
13.31,13.31,1.11,-1.21,0.00,0.52,0.37,3.65,1.41
11.26,11.26,0.81,-2.33,0.00,0.74,0.16,3.91,1.42
6.41,6.91,1.45,-1.13,0.07,0.41,0.41,4.58,1.64
19.61,19.61,1.21,-2.03,0.00,0.60,0.34,6.95,2.41
10.75,10.75,1.20,-1.17,0.00,0.50,0.43,2.82,1.51
18.26,18.26,1.55,-1.51,0.00,0.52,0.38,5.34,2.06
18.24,18.24,2.77,-4.03,0.00,0.67,0.33,8.10,4.25
28.61,28.61,1.54,-1.36,0.00,0.49,0.47,9.58,1.96
7.31,8.40,1.26,-1.17,0.13,0.34,0.35,6.31,1.61
3.14,4.28,2.66,-1.62,0.27,0.36,0.36,4.73,2.85
12.27,12.27,3.15,-1.47,0.00,0.40,0.60,2.43,2.86
1.42,6.82,1.49,-1.20,0.79,0.09,0.10,3.11,0.78
10.30,10.30,0.80,-0.55,0.00,0.43,0.57,0.57,0.95
15.48,18.59,0.97,-0.85,0.17,0.35,0.38,14.80,1.11
26.10,26.53,1.11,-1.45,0.02,0.52,0.39,11.15,1.75
14.22,14.22,1.55,-1.67,0.00,0.53,0.41,6.43,2.72
33.85,33.85,2.11,-2.31,0.00,0.54,0.43,12.84,2.68
36.90,37.64,1.13,-1.38,0.02,0.49,0.40,13.84,1.80
50.55,53.62,0.99,-0.75,0.06,0.37,0.47,14.75,2.34
13.21,23.28,1.16,-1.08,0.43,0.27,0.26,12.97,1.21
0.71,4.86,5.40,-1.86,0.85,0.04,0.09,2.40,1.64
14.07,14.07,1.32,0.0,0.00,0.75,0.00,3.23,0.95
13.93,13.93,26.80,0.0,0.00,0.50,0.00,15.47,18.95
13.23,13.23,24.70,0.0,0.00,0.50,0.00,14.26,17.47
18.60,18.60,21.20,0.0,0.00,1.00,0.00,14.99,nan
18.00,18.00,20.40,-2.30,0.00,0.17,0.50,9.57,9.06
30.50,30.50,4.56,-2.92,0.00,0.28,0.36,14.85,4.28
18.77,18.77,3.27,-3.17,0.00,0.26,0.25,5.71,2.95
41.35,41.35,1.33,-1.41,0.00,0.47,0.44,14.47,2.39
26.28,26.28,1.06,-1.44,0.00,0.57,0.37,9.95,1.57
23.94,23.94,1.24,-1.34,0.00,0.50,0.44,12.32,1.73
12.05,12.05,1.31,-1.33,0.00,0.51,0.46,5.83,1.56
16.47,16.47,1.81,-2.33,0.00,0.56,0.38,4.67,2.35
14.89,14.89,0.99,-1.09,0.00,0.50,0.43,4.14,1.35
16.99,16.99,1.53,-0.98,0.00,0.57,0.29,3.92,1.63
22.07,49.92,17.67,-7.90,0.56,0.00,0.01,25.42,2.35
20.21,21.99,1.75,-1.48,0.08,0.41,0.46,8.93,2.19
25.59,25.59,1.39,-1.58,0.00,0.54,0.46,12.03,2.19
48.66,48.66,2.44,-1.86,0.00,0.39,0.49,14.41,5.56
7.65,7.65,6.40,-3.50,0.00,0.33,0.33,2.62,5.02
14.78,18.54,1.85,-1.76,0.20,0.38,0.35,12.04,2.25
5.49,6.17,2.07,-2.17,0.11,0.46,0.34,5.10,2.61
9.50,9.50,1.00,0.0,0.00,1.00,0.00,0.71,nan
7.74,7.74,1.54,-1.62,0.00,0.57,0.36,2.88,1.84
30.27,30.27,1.48,-2.34,0.00,0.57,0.34,9.22,2.66
29.90,29.90,1.69,-6.88,0.00,0.83,0.17,11.89,3.99
17.17,17.17,1.47,-1.39,0.00,0.48,0.43,6.27,1.76
10.35,10.35,0.47,0.0,0.00,1.00,0.00,0.60,0.12
21.70,27.44,4.57,-1.64,0.21,0.26,0.50,17.29,4.98
27.79,35.27,5.33,-2.18,0.21,0.34,0.44,18.76,5.41
23.55,24.79,9.20,-1.87,0.05,0.21,0.68,9.61,8.19
16.29,21.93,4.19,-2.11,0.26,0.38,0.32,15.64,3.86
35.73,36.11,4.73,-2.64,0.01,0.35,0.59,9.79,6.36
13.84,13.84,48.30,-2.77,0.00,0.25,0.75,19.62,25.60
26.42,27.62,4.68,-6.34,0.04,0.59,0.32,13.34,8.34
11.97,11.97,23.50,-11.08,0.00,0.33,0.67,16.85,27.07
18.30,23.68,2.38,-0.90,0.23,0.67,0.10,11.60,2.81
24.63,24.63,3.88,-1.40,0.00,0.28,0.62,8.98,5.26
24.72,24.72,3.47,-3.01,0.00,0.42,0.48,6.91,5.06
9.53,14.29,6.70,-2.11,0.33,0.25,0.45,11.52,4.52
17.02,17.02,5.75,-1.00,0.00,0.50,0.50,4.60,6.06
27.22,27.22,5.89,-3.83,0.00,0.39,0.55,16.28,7.27
11.53,13.30,13.47,-3.54,0.13,0.21,0.57,14.76,11.90
3.19,3.81,2.31,-1.55,0.16,0.29,0.29,2.16,1.97
3.90,4.94,3.46,-1.50,0.21,0.39,0.39,4.66,4.98
8.47,8.47,8.60,-0.60,0.00,0.50,0.50,4.80,6.51
14.76,14.76,6.20,-3.14,0.00,0.38,0.62,5.46,7.45
3.12,4.69,14.00,-1.62,0.33,0.09,0.45,4.79,4.92
2.94,5.38,4.33,-2.15,0.45,0.30,0.40,4.39,4.43
2.03,4.26,4.76,-3.92,0.52,0.40,0.30,3.68,4.93
15.26,15.78,12.84,-12.68,0.03,0.10,0.09,8.16,7.61
9.85,9.85,9.50,0.0,0.00,1.00,0.00,6.72,nan
3.84,6.40,14.60,-1.25,0.40,0.25,0.50,6.13,7.77
15.53,23.30,44.80,-1.80,0.33,0.50,0.50,25.36,32.95
10.97,43.90,43.90,0.0,0.75,0.33,0.00,21.95,25.35
24.99,33.42,4.29,-3.10,0.25,0.30,0.40,18.35,6.01
20.81,20.81,2.06,-1.43,0.00,0.39,0.54,5.82,2.41
17.40,17.40,16.40,0.0,0.00,1.00,0.00,11.60,nan
13.17,13.17,5.50,-6.60,0.00,0.60,0.40,5.78,9.32
15.79,15.79,3.69,-5.50,0.00,0.60,0.20,5.69,5.74
35.11,35.11,9.91,-7.14,0.00,0.33,0.42,13.57,12.76
40.00,40.00,3.08,-2.48,0.00,0.40,0.46,11.94,5.75
9.84,16.40,41.70,-2.20,0.40,0.25,0.50,17.91,21.62
2.35,2.94,2.73,-0.98,0.20,0.50,0.36,3.58,4.01
20.14,25.61,1.93,-1.54,0.21,0.35,0.41,21.12,4.07
11.05,12.30,2.54,-2.25,0.10,0.46,0.40,10.69,3.26
30.10,30.10,3.94,-3.75,0.00,0.49,0.47,9.66,6.45
15.30,15.30,22.15,-1.00,0.00,0.67,0.33,21.94,25.61
25.97,31.16,24.90,-6.40,0.17,0.40,0.20,24.45,22.30
24.10,48.20,48.20,0.0,0.50,1.00,0.00,34.08,nan
4.41,9.94,2.78,-3.42,0.56,0.29,0.13,8.31,3.63
22.38,22.38,22.70,-0.63,0.00,0.20,0.60,9.00,10.39
16.32,16.32,12.40,-0.87,0.00,0.08,0.92,5.66,4.52
7.73,7.73,3.67,-0.50,0.00,0.23,0.62,2.67,2.92
8.53,8.53,6.40,0.0,0.00,0.50,0.00,3.70,4.53
6.84,6.84,2.97,-0.28,0.00,0.20,0.40,1.96,2.16
10.12,10.12,1.37,-0.57,0.00,0.33,0.39,1.75,1.12
21.50,21.50,2.37,-2.22,0.00,0.40,0.42,8.17,3.87
20.91,21.34,4.54,-2.39,0.02,0.32,0.61,11.08,6.75
21.61,21.61,2.38,-1.25,0.00,0.30,0.54,5.73,4.38
4.35,6.09,8.35,-1.09,0.29,0.10,0.55,3.85,3.45
0.66,3.00,2.52,-0.92,0.78,0.12,0.10,1.69,1.60
6.60,6.60,9.20,0.0,0.00,1.00,0.00,6.51,nan
3.01,4.80,1.86,-0.97,0.37,0.21,0.31,2.96,1.71
10.53,12.91,1.95,-1.60,0.18,0.41,0.43,9.62,3.00
14.53,14.53,2.69,-1.57,0.00,0.44,0.48,7.00,2.87
3.28,5.47,3.86,-1.18,0.40,0.21,0.38,4.82,4.04
4.14,5.40,1.76,-1.23,0.23,0.41,0.31,4.39,1.84
7.68,7.68,4.85,-5.00,0.00,0.67,0.33,2.98,5.95
12.92,12.92,1.06,-2.63,0.00,0.67,0.20,3.54,1.83
19.70,25.07,2.72,-1.62,0.21,0.56,0.24,20.55,2.47
44.27,44.27,12.24,-4.55,0.00,0.28,0.69,15.18,13.81
41.54,41.54,3.14,-3.42,0.00,0.49,0.43,11.85,5.11
11.12,11.12,4.45,-1.30,0.00,0.67,0.33,4.03,5.47
26.45,26.45,7.73,-7.97,0.00,0.46,0.44,10.10,10.38
4.42,6.63,19.60,-1.24,0.33,0.12,0.62,6.26,7.34
2.68,7.13,9.80,-1.80,0.62,0.29,0.14,6.17,6.81
11.34,23.84,1.73,-3.11,0.52,0.27,0.13,19.29,3.31
33.73,37.04,1.24,-1.43,0.09,0.45,0.38,16.18,2.50
34.32,34.32,1.40,-0.93,0.00,0.40,0.53,8.91,1.60
19.63,30.92,1.32,-1.49,0.36,0.34,0.28,18.08,1.53
32.79,32.79,1.09,-1.91,0.00,0.59,0.33,11.64,2.06
45.51,47.28,1.20,-1.65,0.04,0.51,0.36,18.33,1.87
54.32,56.70,1.11,-1.10,0.04,0.45,0.43,16.85,1.64
40.52,48.20,1.37,-1.48,0.16,0.43,0.38,21.67,1.84
36.17,36.17,2.02,-3.87,0.00,0.65,0.30,15.89,3.62
9.90,9.90,0.80,0.0,0.00,1.00,0.00,0.57,nan
9.87,9.87,0.50,0.0,0.00,1.00,0.00,0.51,0.28
8.55,25.45,2.04,-2.10,0.66,0.16,0.15,14.15,2.21
2.35,7.75,3.54,-1.20,0.70,0.09,0.20,4.06,1.50
50.26,50.26,2.18,-1.66,0.00,0.54,0.44,17.28,2.67
12.18,12.18,19.50,-2.08,0.00,0.10,0.60,7.44,6.73
1.69,1.84,3.95,-1.90,0.08,0.04,0.05,1.54,1.08
4.42,4.42,3.40,-0.90,0.00,0.75,0.25,4.36,4.88
2.69,2.89,1.54,-1.39,0.07,0.24,0.20,1.46,1.70
5.52,13.80,7.05,0.0,0.60,0.50,0.00,7.56,6.66
2.76,4.00,1.74,-1.13,0.31,0.27,0.36,2.53,1.80
1.48,2.78,1.73,-1.00,0.47,0.20,0.29,1.75,1.45
1.36,2.63,1.84,-0.95,0.48,0.20,0.29,1.90,1.76
1.62,3.53,2.85,-1.15,0.54,0.15,0.31,2.35,1.99
6.15,6.15,6.90,-2.40,0.00,0.67,0.33,5.92,8.13
3.57,4.84,4.35,-2.00,0.26,0.34,0.49,4.06,4.55
5.68,11.37,8.07,0.0,0.50,0.60,0.00,9.48,7.14
12.63,12.63,8.40,-1.50,0.00,0.17,0.50,3.48,3.88
9.75,9.75,1.10,0.0,0.00,1.00,0.00,0.78,nan
3.69,5.03,2.71,-1.64,0.27,0.31,0.46,3.21,2.41
7.95,7.95,5.70,0.0,0.00,1.00,0.00,4.03,nan
7.16,7.16,5.55,-0.80,0.00,0.50,0.50,4.66,5.72
9.33,9.33,13.80,-1.00,0.00,0.50,0.50,7.70,10.47
4.20,4.80,2.64,-2.74,0.12,0.60,0.33,2.93,3.23
10.63,10.63,4.45,0.0,0.00,1.00,0.00,5.00,5.59
4.97,4.97,8.20,-1.65,0.00,0.33,0.67,3.69,5.75
6.25,6.25,5.80,-2.80,0.00,0.67,0.33,3.79,5.01
3.27,4.58,2.95,-1.70,0.29,0.67,0.33,4.05,2.96
2.84,4.80,3.01,-1.82,0.41,0.33,0.29,2.86,2.43
2.67,3.83,1.28,-1.23,0.30,0.37,0.33,2.31,1.40
10.90,10.90,1.63,-1.55,0.00,0.60,0.40,1.58,2.01
10.18,10.18,1.07,-0.50,0.00,0.43,0.57,1.15,0.96
32.58,33.77,1.74,-1.80,0.04,0.46,0.44,17.07,4.96
34.56,36.66,3.15,-2.57,0.06,0.27,0.32,18.86,4.97
41.64,41.98,3.17,-2.92,0.01,0.44,0.47,14.53,5.65
2.01,5.70,9.85,-1.10,0.65,0.12,0.25,4.82,5.04
22.70,45.40,45.40,0.0,0.50,1.00,0.00,32.10,nan
52.38,54.20,4.00,-2.85,0.03,0.41,0.49,19.12,5.84
6.00,18.00,18.00,0.0,0.67,0.50,0.00,10.39,12.73
52.68,57.34,5.13,-3.02,0.08,0.32,0.53,24.04,8.81
46.57,46.57,5.06,-3.85,0.00,0.43,0.54,19.19,7.79
1.29,6.75,6.75,-4.50,0.81,0.20,0.15,3.29,4.05
6.75,13.50,13.50,0.0,0.50,1.00,0.00,9.55,nan
26.58,26.58,3.94,-6.61,0.00,0.60,0.28,9.38,7.43
5.45,16.35,20.80,-8.90,0.67,0.20,0.20,8.90,10.99
57.20,57.20,3.76,-3.96,0.00,0.32,0.21,25.77,5.29
4.34,5.09,2.08,-1.67,0.15,0.45,0.42,2.79,2.44
6.43,6.43,2.03,-0.97,0.00,0.38,0.38,1.61,1.78
9.45,9.45,7.50,0.0,0.00,1.00,0.00,5.30,nan
6.93,6.93,2.18,-1.66,0.00,0.35,0.31,2.55,2.29
3.04,5.13,2.23,-1.62,0.41,0.22,0.29,4.21,2.07
7.94,7.94,1.94,-1.55,0.00,0.46,0.33,7.07,2.61
3.49,4.99,1.50,-1.61,0.30,0.35,0.31,3.32,1.64
7.80,7.80,1.10,-0.66,0.00,0.37,0.58,2.56,1.23
45.30,45.30,1.09,-1.25,0.00,0.51,0.42,12.73,1.52
20.42,43.04,2.15,-3.26,0.53,0.29,0.17,26.32,2.54
18.93,45.37,1.83,-12.00,0.58,0.34,0.05,28.56,5.89
35.73,37.81,2.44,-3.72,0.06,0.55,0.35,21.24,6.48
49.90,49.90,4.15,-3.84,0.00,0.51,0.49,18.73,8.45
35.82,40.03,2.10,-3.95,0.11,0.61,0.30,23.75,3.46
34.05,38.78,3.38,-3.76,0.12,0.47,0.40,23.65,4.33
52.05,59.04,2.18,-2.47,0.12,0.45,0.39,26.27,4.22
30.40,41.98,1.26,-1.82,0.28,0.43,0.28,22.14,1.85
9.99,14.98,1.98,-1.78,0.33,0.34,0.34,8.25,2.32
31.86,31.86,1.45,-1.51,0.00,0.48,0.44,9.41,2.57
40.91,40.91,1.21,-1.50,0.00,0.54,0.43,15.91,1.76
6.45,12.79,2.16,-1.27,0.50,0.24,0.29,10.17,1.63
1.43,3.89,1.62,-1.37,0.63,0.20,0.19,2.60,1.36
10.15,10.15,0.70,0.0,0.00,1.00,0.00,0.49,nan
21.71,21.71,1.41,-1.64,0.00,0.54,0.46,5.84,2.15
25.63,28.53,1.69,-1.71,0.10,0.45,0.43,13.74,2.07
28.87,34.85,1.35,-1.59,0.17,0.43,0.36,17.61,1.68
10.93,22.11,1.81,-1.37,0.51,0.20,0.25,13.01,1.30
13.61,17.01,2.30,-2.08,0.20,0.39,0.41,11.88,2.53
24.96,24.96,2.90,-3.21,0.00,0.56,0.44,9.70,3.56
4.17,6.84,3.70,-2.19,0.39,0.23,0.32,6.30,2.95
23.82,23.82,1.29,-1.81,0.00,0.61,0.39,9.17,1.91
9.94,9.94,1.35,-0.82,0.00,0.44,0.44,2.02,1.25
8.79,8.79,1.95,-1.55,0.00,0.50,0.50,2.70,2.08
8.56,8.56,1.60,-0.10,0.00,0.75,0.25,2.25,1.53
27.07,27.07,1.42,-1.90,0.00,0.61,0.34,9.87,2.06
11.99,17.04,0.99,-1.68,0.30,0.49,0.20,10.36,1.24
26.71,26.71,1.37,-1.78,0.00,0.52,0.40,14.37,3.02
33.93,33.93,1.23,-1.34,0.00,0.49,0.45,12.01,1.73
26.48,26.48,2.24,-1.78,0.00,0.47,0.50,10.45,2.57
8.85,20.52,1.96,-1.84,0.57,0.22,0.22,12.33,1.46
3.36,9.44,2.00,-1.50,0.64,0.16,0.19,5.81,1.56
19.26,19.26,0.99,-0.99,0.00,0.49,0.47,6.83,1.26
6.27,6.27,0.81,-0.85,0.00,0.51,0.37,2.91,0.93
9.18,9.18,2.00,-1.73,0.00,0.50,0.50,4.36,2.40
3.18,3.18,1.19,-1.51,0.00,0.44,0.26,4.10,1.96
4.77,11.94,1.50,-1.55,0.60,0.20,0.19,8.35,1.21
15.15,15.15,2.58,-1.06,0.00,0.55,0.27,15.99,2.92
12.64,36.26,2.09,-3.76,0.65,0.27,0.08,19.54,2.39
31.95,33.44,1.73,-0.82,0.04,0.66,0.30,11.71,1.59
25.42,27.32,1.40,-1.84,0.07,0.55,0.34,11.89,2.01
9.03,9.03,1.60,-1.80,0.00,0.67,0.33,1.35,2.08
1.90,6.98,11.20,-1.96,0.73,0.05,0.24,3.82,2.79
3.44,5.73,1.06,-1.74,0.40,0.41,0.24,3.84,1.87
19.01,20.31,2.07,-2.56,0.06,0.53,0.39,11.37,2.71
36.83,36.83,3.24,-4.97,0.00,0.60,0.36,16.87,4.59
20.26,20.26,1.79,-1.75,0.00,0.52,0.48,6.99,2.30
8.54,8.54,1.03,-0.64,0.00,0.50,0.42,1.79,1.05
12.40,17.38,1.71,-1.76,0.29,0.33,0.32,11.03,2.16
16.21,16.21,2.49,-1.37,0.00,0.36,0.64,11.00,2.70
15.56,15.56,1.28,-1.87,0.00,0.60,0.40,4.95,1.84
17.24,19.29,1.71,-1.83,0.11,0.46,0.39,12.86,2.09
28.93,28.93,2.22,-2.54,0.00,0.53,0.42,11.48,3.89
13.20,26.13,2.32,-2.21,0.49,0.27,0.22,13.58,2.71
8.15,8.15,5.80,-2.33,0.00,0.40,0.60,4.68,6.05
18.19,19.77,1.68,-2.10,0.08,0.49,0.35,13.59,2.40
4.51,10.82,2.28,-2.25,0.58,0.21,0.17,7.28,1.96
13.70,13.70,1.44,-1.87,0.00,0.55,0.39,3.78,2.02
14.69,14.69,1.74,-1.50,0.00,0.48,0.48,4.10,2.03
2.37,7.80,1.71,-1.79,0.70,0.17,0.13,5.02,1.33
28.16,36.04,2.02,-1.22,0.22,0.56,0.21,23.47,1.76
1.94,5.83,5.15,-2.85,0.67,0.18,0.18,3.62,2.98
30.41,30.41,1.75,-2.03,0.00,0.52,0.42,11.00,2.43
16.84,20.76,1.30,-1.52,0.19,0.39,0.32,13.34,1.73
27.26,32.22,1.16,-1.28,0.15,0.41,0.34,15.48,1.61
2.35,7.21,1.66,-2.30,0.67,0.21,0.14,3.96,1.46
16.40,16.40,1.94,-5.87,0.00,0.75,0.19,5.31,3.49
26.16,26.16,2.46,-3.79,0.00,0.57,0.34,14.41,3.68
39.67,41.15,1.18,-1.30,0.04,0.48,0.43,12.62,1.81
14.72,16.71,1.29,-1.57,0.12,0.53,0.22,11.26,1.77
3.39,7.85,2.12,-1.44,0.57,0.26,0.24,5.25,1.89
3.71,9.01,2.37,-2.33,0.59,0.24,0.22,5.92,1.96
6.69,6.69,2.02,-2.90,0.00,0.75,0.25,4.62,2.94
1.55,12.38,4.78,-4.00,0.88,0.06,0.06,4.44,1.79
23.63,23.63,1.31,-1.40,0.00,0.47,0.44,5.76,1.67
2.92,14.37,2.79,-2.83,0.80,0.12,0.09,6.36,1.53
0.82,5.66,2.08,-1.36,0.86,0.06,0.08,2.33,0.78
2.64,4.85,1.50,-1.22,0.46,0.24,0.25,3.60,1.32
7.76,7.76,0.96,-1.60,0.00,0.54,0.23,1.54,1.22
11.10,11.10,1.08,-1.44,0.00,0.56,0.38,6.08,1.60
9.16,9.16,0.97,-0.47,0.00,0.43,0.43,0.81,0.84
10.05,10.05,0.30,0.0,0.00,1.00,0.00,0.21,nan
10.94,10.94,1.24,-0.78,0.00,0.40,0.50,3.01,1.29
9.50,9.50,0.97,0.0,0.00,0.75,0.00,1.19,0.75
10.13,10.13,1.13,-0.45,0.00,0.60,0.40,1.57,1.23
45.60,45.60,1.33,-1.64,0.00,0.53,0.42,17.07,2.00
9.16,14.91,2.00,-2.49,0.39,0.36,0.27,10.67,2.20
13.86,13.86,1.04,-2.30,0.00,0.62,0.19,2.14,1.44
3.59,8.62,12.30,-2.97,0.58,0.09,0.27,5.39,4.51
6.68,8.65,1.58,-0.97,0.23,0.33,0.47,6.45,1.39
10.84,10.84,1.17,-2.90,0.00,0.75,0.25,1.40,2.04
1.65,4.58,2.26,-1.91,0.64,0.19,0.19,2.76,1.46
18.20,18.20,2.54,-2.08,0.00,0.44,0.53,7.81,3.35
2.07,6.41,1.78,-2.60,0.68,0.20,0.07,3.35,1.25
3.51,11.72,1.63,-1.44,0.70,0.14,0.15,6.43,1.03
5.76,5.76,1.09,-0.82,0.00,0.42,0.47,2.48,1.27
24.65,24.65,1.27,-1.12,0.00,0.65,0.26,15.77,1.66
9.78,9.78,0.40,0.0,0.00,0.67,0.00,0.38,0.25
21.12,21.12,1.30,-3.16,0.00,0.69,0.27,7.80,2.31
27.83,27.83,1.85,-0.96,0.00,0.42,0.33,18.63,2.62
3.12,5.14,1.03,-0.82,0.39,0.24,0.26,5.36,0.97
2.44,5.11,1.33,-1.16,0.52,0.23,0.26,3.01,1.11
1.52,5.44,1.84,-1.52,0.72,0.15,0.17,3.13,1.15
5.44,8.82,1.13,-1.58,0.38,0.41,0.20,5.58,1.22
6.43,8.44,3.31,-2.17,0.24,0.35,0.35,8.80,4.15
10.63,13.36,1.61,-1.46,0.20,0.40,0.38,7.58,1.65
9.62,9.62,1.40,-2.07,0.00,0.55,0.27,3.06,1.63
2.30,5.06,1.92,-1.60,0.55,0.20,0.22,4.21,1.75
40.15,40.15,1.31,-1.68,0.00,0.53,0.40,13.06,2.54
18.12,34.28,1.27,-3.19,0.47,0.37,0.14,19.86,2.02
24.13,30.58,1.50,-1.58,0.21,0.41,0.35,17.26,1.77
8.03,10.44,3.07,-2.10,0.23,0.28,0.40,8.25,2.63
5.17,8.77,1.97,-1.20,0.41,0.26,0.32,6.08,1.75
11.46,11.46,1.50,-1.85,0.00,0.50,0.33,1.89,1.87
6.12,14.34,1.39,-1.32,0.57,0.20,0.20,9.31,1.06
28.37,28.37,2.55,-2.59,0.00,0.52,0.45,12.20,3.13
9.75,9.75,0.97,-0.65,0.00,0.67,0.22,2.43,1.10
19.49,19.49,1.32,-1.44,0.00,0.51,0.46,8.38,1.97
28.26,28.26,1.29,-1.82,0.00,0.54,0.37,9.22,2.06
20.18,20.18,2.48,-2.06,0.00,0.50,0.50,8.34,2.80
4.14,11.82,1.55,-1.58,0.65,0.16,0.15,6.22,1.21
19.12,19.12,1.04,-1.48,0.00,0.62,0.38,6.00,1.50
7.05,17.74,1.94,-1.76,0.60,0.23,0.17,10.37,1.69
5.13,20.76,2.27,-1.58,0.75,0.10,0.14,10.48,1.17
35.28,40.90,1.53,-2.85,0.14,0.53,0.28,20.45,2.69
27.47,27.47,2.41,-2.10,0.00,0.46,0.51,11.33,2.66
8.90,8.90,2.00,-1.15,0.00,0.40,0.40,1.78,1.77
20.72,20.72,1.61,-1.21,0.00,0.43,0.55,6.74,1.73
4.96,7.93,1.22,-1.39,0.38,0.36,0.23,6.19,1.45
7.43,7.43,2.03,-2.45,0.00,0.60,0.40,2.57,2.86
12.41,12.41,1.55,-1.70,0.00,0.50,0.38,2.56,1.91
17.02,17.02,1.24,-1.16,0.00,0.48,0.48,4.81,1.48
12.56,12.56,1.13,-1.74,0.00,0.67,0.33,3.76,1.64
18.79,18.79,1.76,-1.38,0.00,0.40,0.50,7.19,1.97
14.19,18.65,1.38,-1.65,0.24,0.42,0.34,14.53,1.80
9.44,9.44,0.42,-1.20,0.00,0.71,0.14,0.72,0.63
5.32,10.63,3.23,-4.65,0.50,0.36,0.18,5.69,4.07
4.00,6.33,1.66,-1.58,0.37,0.31,0.33,3.61,1.66
12.92,12.92,1.86,-1.77,0.00,0.62,0.38,3.53,2.31
1.42,4.85,1.67,-1.08,0.71,0.13,0.19,2.78,1.01
4.06,5.42,2.58,-2.40,0.25,0.57,0.29,3.74,2.48
3.21,5.33,1.14,-1.04,0.40,0.29,0.28,3.21,1.14
18.55,19.82,1.22,-1.50,0.06,0.49,0.38,11.36,1.60
40.21,40.21,1.71,-1.30,0.00,0.44,0.44,11.82,1.91
7.23,19.62,3.40,-5.10,0.63,0.20,0.12,12.50,3.48
19.08,19.08,1.97,-1.82,0.00,0.52,0.48,7.44,2.44
37.30,37.30,1.48,-1.96,0.00,0.52,0.39,11.38,3.40
4.08,4.53,1.75,-1.34,0.10,0.42,0.37,5.04,2.01
14.63,16.23,1.38,-1.27,0.10,0.44,0.44,13.20,1.59
24.95,24.95,1.62,-1.84,0.00,0.51,0.42,13.60,2.78
6.76,12.97,1.21,-1.80,0.48,0.31,0.19,8.20,1.33
1.02,4.95,3.87,-1.77,0.79,0.11,0.11,2.80,1.61
26.62,26.62,2.19,-2.57,0.00,0.54,0.43,15.72,2.85
16.19,29.47,2.19,-2.44,0.45,0.29,0.24,16.84,3.00
21.54,23.23,1.26,-1.16,0.07,0.41,0.43,9.61,1.48
1.06,5.72,1.19,-0.93,0.81,0.08,0.10,3.06,0.63
2.13,6.50,1.58,-1.33,0.67,0.14,0.16,3.75,1.18
12.65,12.65,1.31,-1.28,0.00,0.58,0.42,2.79,1.60
10.19,10.19,1.87,-1.55,0.00,0.50,0.50,3.98,2.09
18.56,18.56,2.60,0.0,0.00,0.86,0.00,6.16,1.71
21.12,30.77,1.22,-1.29,0.31,0.36,0.29,19.24,1.47
5.66,8.20,1.27,-0.91,0.31,0.32,0.37,4.66,1.50
3.08,4.22,1.34,-2.00,0.27,0.40,0.24,3.84,1.86
9.66,9.66,1.36,-1.26,0.00,0.57,0.36,4.07,1.53
5.35,15.40,0.82,-1.64,0.65,0.22,0.11,8.48,0.86
17.40,17.40,1.01,-0.88,0.00,0.48,0.46,3.63,1.17
23.12,23.12,1.07,-0.92,0.00,0.54,0.40,6.89,1.19
17.48,34.39,2.72,-3.04,0.49,0.23,0.19,19.69,3.60
8.01,8.01,1.30,-0.40,0.00,0.43,0.57,1.39,1.20
12.16,12.16,1.37,-0.90,0.00,0.43,0.57,1.58,1.40
10.91,10.91,1.02,-0.20,0.00,0.75,0.25,2.25,0.79
9.54,9.54,1.40,0.0,0.00,0.75,0.00,1.95,0.95
33.00,47.47,1.13,-1.07,0.30,0.30,0.31,26.68,1.66
22.61,26.68,1.15,-1.58,0.15,0.66,0.10,13.87,1.65
32.81,36.69,0.96,-0.86,0.11,0.58,0.20,15.54,1.19
36.37,46.61,1.48,-1.70,0.22,0.41,0.32,26.09,2.92
21.73,27.78,1.73,-2.52,0.22,0.47,0.31,14.67,2.50
31.35,33.51,1.28,-1.58,0.06,0.51,0.40,14.30,1.84
11.67,20.50,2.27,-1.46,0.43,0.25,0.31,11.70,1.72
8.61,10.13,2.31,-1.38,0.15,0.42,0.47,6.09,2.14
21.36,29.02,1.62,-1.81,0.26,0.36,0.31,16.04,2.00
21.45,21.45,1.22,-2.57,0.00,0.68,0.29,7.90,2.13
3.52,11.79,1.39,-1.70,0.70,0.18,0.13,8.08,1.16
39.73,39.73,2.12,-1.89,0.00,0.45,0.48,16.65,5.15
17.85,22.95,1.14,-1.88,0.22,0.48,0.24,13.38,1.74
40.40,40.40,2.21,-2.80,0.00,0.63,0.28,12.39,4.11
25.80,41.93,7.16,-2.83,0.38,0.19,0.41,22.22,6.11
14.00,26.76,2.25,-1.57,0.48,0.30,0.22,16.15,1.82
6.25,7.90,2.07,-1.28,0.21,0.30,0.48,5.73,2.11
13.03,18.87,2.80,-1.72,0.31,0.27,0.39,12.33,3.35
14.75,19.10,2.49,-1.69,0.23,0.32,0.45,14.37,2.10
33.71,33.71,1.89,-2.04,0.00,0.51,0.42,17.07,2.67
42.95,42.95,3.10,-1.57,0.00,0.31,0.58,13.78,6.42
5.23,7.71,6.03,-0.88,0.32,0.22,0.41,9.28,5.89
4.76,6.66,3.52,-2.82,0.29,0.30,0.20,4.51,2.75
16.70,25.05,13.10,0.0,0.33,1.00,0.00,14.51,15.27
14.90,29.80,29.80,0.0,0.50,1.00,0.00,21.07,nan
24.95,39.92,10.15,-0.30,0.38,0.57,0.14,20.67,14.49
13.90,41.70,41.70,0.0,0.67,0.50,0.00,24.08,29.49
21.35,42.70,42.70,0.0,0.50,1.00,0.00,30.19,nan
27.93,41.90,42.10,-0.40,0.33,0.50,0.50,24.19,30.05
21.30,42.60,42.60,0.0,0.50,1.00,0.00,30.12,nan
14.50,43.50,43.50,0.0,0.67,0.50,0.00,25.11,30.76
29.17,43.75,21.90,0.0,0.33,1.00,0.00,25.26,30.83
37.13,38.51,11.55,-1.31,0.04,0.15,0.81,10.16,8.65
13.72,24.27,2.95,-1.46,0.43,0.19,0.35,14.69,1.98
9.81,9.81,0.85,-0.70,0.00,0.67,0.33,1.22,0.96
13.77,14.75,1.71,-2.08,0.07,0.52,0.38,8.62,2.41
14.55,17.07,1.22,-1.30,0.15,0.42,0.38,10.13,1.74
22.68,22.68,1.40,-5.07,0.00,0.84,0.16,7.15,2.95
21.06,27.04,1.89,-2.14,0.22,0.43,0.33,14.86,2.40
27.38,30.54,1.88,-1.59,0.10,0.56,0.30,14.87,2.08
29.05,30.43,2.21,-0.40,0.05,0.95,0.05,12.02,1.96
19.76,24.40,1.82,-1.89,0.19,0.44,0.35,12.26,2.56
4.20,9.96,2.04,-1.59,0.58,0.21,0.24,7.02,1.65
21.78,21.78,1.54,-1.74,0.00,0.52,0.40,13.76,2.07
6.83,17.30,1.21,-2.19,0.61,0.25,0.13,10.71,1.28
7.91,13.13,1.37,-1.27,0.40,0.29,0.29,9.29,1.37
7.36,7.36,11.00,-0.90,0.00,0.29,0.71,7.27,8.19
24.15,24.15,1.81,-1.81,0.00,0.50,0.47,6.30,2.50
6.47,19.40,1.67,-1.21,0.67,0.22,0.09,11.57,1.01
40.96,40.96,1.19,-1.48,0.00,0.54,0.40,14.38,1.86
23.78,23.78,1.56,-2.08,0.00,0.57,0.40,6.69,2.33
36.50,41.16,1.24,-2.02,0.11,0.55,0.31,19.99,1.94
31.46,45.59,1.29,-1.33,0.31,0.36,0.29,23.23,1.54
27.24,30.43,1.35,-1.25,0.10,0.42,0.43,12.93,1.73
18.18,30.08,1.20,-1.74,0.40,0.34,0.23,18.38,1.74
7.95,7.95,1.10,-1.27,0.00,0.60,0.40,2.52,1.48
10.77,12.50,1.94,-1.31,0.14,0.39,0.50,7.69,1.81
23.41,29.42,1.61,-1.75,0.20,0.42,0.36,15.37,1.99
8.45,8.45,1.33,-0.72,0.00,0.33,0.56,1.41,1.21
23.85,23.85,1.01,-1.42,0.00,0.55,0.37,7.07,1.56
16.39,16.39,2.31,-1.74,0.00,0.45,0.50,7.30,2.42
27.48,28.29,2.63,-3.04,0.03,0.49,0.40,11.84,5.72
26.46,26.46,1.03,-0.82,0.00,0.40,0.48,6.13,1.31
19.98,19.98,0.66,-0.68,0.00,0.46,0.42,5.89,0.89
1.95,7.92,1.97,-1.73,0.75,0.14,0.12,3.85,1.20
10.05,10.05,0.70,0.0,0.00,1.00,0.00,0.49,nan
7.95,7.95,1.15,-0.50,0.00,0.32,0.68,2.04,1.07
2.91,5.92,2.32,-1.44,0.51,0.19,0.29,4.72,1.77
1.99,2.79,1.51,-1.37,0.29,0.30,0.26,3.26,1.73
5.81,8.39,3.08,-3.08,0.31,0.42,0.33,5.43,3.17
2.20,4.92,1.73,-1.23,0.55,0.20,0.24,3.11,1.39
3.37,7.24,1.81,-1.11,0.53,0.19,0.25,4.55,1.34
16.83,16.83,1.26,-1.45,0.00,0.53,0.41,8.53,1.72
7.43,12.84,2.88,-1.61,0.42,0.22,0.32,7.49,2.26
3.30,5.96,1.24,-1.30,0.45,0.33,0.28,3.96,1.33
9.85,9.85,0.30,0.0,0.00,1.00,0.00,0.21,nan
3.69,4.40,1.40,-0.96,0.16,0.27,0.38,2.98,1.54
11.35,11.35,1.04,-0.85,0.00,0.41,0.41,2.08,1.14
7.93,7.93,1.40,-1.11,0.00,0.39,0.43,2.57,1.48
4.82,7.41,1.51,-0.80,0.35,0.20,0.35,5.12,1.14
11.69,11.69,0.88,-0.80,0.00,0.67,0.17,1.20,0.77
10.64,10.64,0.50,-0.43,0.00,0.53,0.40,1.00,0.56
3.30,3.59,2.05,-1.33,0.08,0.42,0.42,3.72,2.92
8.50,8.50,1.33,0.0,0.00,1.00,0.00,1.84,0.70
10.10,10.10,4.20,0.0,0.00,1.00,0.00,2.97,nan
9.70,9.70,5.75,-1.80,0.00,0.40,0.60,4.58,4.58
7.56,8.97,1.54,-1.52,0.16,0.44,0.38,4.88,2.30
8.57,8.57,3.90,-0.80,0.00,0.29,0.71,2.26,3.01
7.29,7.29,9.98,-2.77,0.00,0.33,0.60,7.74,9.14
6.73,6.73,1.04,-0.35,0.00,0.73,0.18,2.85,1.04
3.39,4.69,6.80,-1.61,0.28,0.18,0.47,4.36,4.58
9.35,9.35,2.90,0.0,0.00,1.00,0.00,2.05,nan
3.31,5.92,4.90,-1.72,0.44,0.24,0.36,4.59,2.94
4.24,4.68,1.25,-1.68,0.10,0.59,0.27,3.78,1.95
24.98,24.98,2.08,-1.99,0.00,0.35,0.36,8.94,3.40
29.74,29.74,1.59,-2.81,0.00,0.67,0.29,13.51,2.91
17.67,31.50,2.34,-2.10,0.44,0.27,0.27,19.41,2.18
27.43,27.43,1.59,-2.19,0.00,0.61,0.39,11.99,2.39
2.43,15.02,2.74,-2.11,0.84,0.08,0.08,6.05,1.32
21.03,21.03,1.19,-2.08,0.00,0.62,0.33,6.55,1.87
11.89,11.89,1.87,-1.60,0.00,0.43,0.43,1.95,1.83
3.05,4.78,1.07,-1.30,0.36,0.27,0.20,5.05,1.27
9.88,9.88,1.10,-0.45,0.00,0.40,0.40,0.84,0.99
25.80,25.80,1.64,-1.70,0.00,0.50,0.45,10.52,2.16
22.54,22.54,1.56,-1.68,0.00,0.59,0.35,7.59,2.07
2.24,3.60,0.95,-0.74,0.38,0.26,0.30,2.65,0.83
9.09,9.09,1.21,-1.42,0.00,0.58,0.42,2.43,1.71
38.25,41.38,1.09,-1.47,0.08,0.50,0.36,17.93,1.82
22.85,24.53,1.38,-2.16,0.07,0.57,0.32,12.72,2.35
11.48,28.86,2.08,-5.44,0.60,0.30,0.10,18.08,2.59
14.96,35.77,2.43,-2.76,0.58,0.22,0.18,19.67,2.23
10.03,22.21,5.87,-4.46,0.55,0.23,0.23,14.99,4.65
13.78,19.40,3.38,-4.08,0.29,0.41,0.30,17.16,4.25
12.52,24.46,1.94,-2.69,0.49,0.30,0.20,14.58,2.13
7.74,10.84,3.80,-2.10,0.29,0.30,0.45,7.88,2.95
22.69,22.69,2.04,-2.46,0.00,0.53,0.40,11.61,2.65
18.07,27.34,1.85,-2.85,0.34,0.41,0.24,16.98,2.17
14.87,30.16,2.94,-3.87,0.51,0.29,0.21,20.29,2.78
14.89,29.01,2.08,-2.79,0.49,0.31,0.21,18.03,2.35
17.93,17.93,2.26,-1.53,0.00,0.42,0.58,8.34,2.23
3.44,7.97,2.04,-1.10,0.57,0.19,0.21,4.86,1.54
12.61,15.91,1.85,-1.94,0.21,0.46,0.33,12.24,2.50
34.43,34.43,1.61,-5.27,0.00,0.74,0.21,13.62,4.76
22.34,48.97,2.32,-4.88,0.54,0.31,0.13,27.87,2.73
41.74,41.74,2.17,-2.25,0.00,0.52,0.45,17.45,2.76
39.29,39.29,2.15,-2.65,0.00,0.54,0.42,17.28,3.41
24.41,30.26,12.18,-3.31,0.19,0.17,0.60,24.80,11.10
17.92,26.15,1.84,-2.12,0.31,0.36,0.29,16.01,2.19
16.93,31.53,1.91,-2.81,0.46,0.32,0.20,18.67,2.00
8.07,19.64,2.58,-3.01,0.59,0.24,0.18,10.50,2.39
47.63,47.63,1.32,-3.03,0.00,0.69,0.29,20.56,2.60
32.50,34.26,1.55,-1.53,0.05,0.53,0.40,16.95,2.12
19.50,19.50,14.20,-2.26,0.00,0.15,0.85,15.43,9.94
17.93,17.93,1.96,-1.91,0.00,0.54,0.38,7.71,2.48
18.14,18.14,2.09,-3.34,0.00,0.61,0.36,10.30,3.94
3.58,4.66,3.27,-1.50,0.23,0.33,0.42,4.92,3.15
3.64,5.56,1.08,-1.31,0.35,0.39,0.26,4.64,1.25
41.08,41.08,1.42,-1.58,0.00,0.54,0.45,13.92,2.03
19.39,19.39,1.52,-1.50,0.00,0.48,0.46,8.32,1.73
1.00,4.30,1.28,-1.02,0.77,0.10,0.12,2.45,0.70
30.49,32.24,1.78,-2.02,0.05,0.49,0.41,14.32,2.82
39.10,39.10,1.35,-1.99,0.00,0.56,0.37,16.51,2.05
40.07,42.46,1.44,-1.77,0.06,0.50,0.40,17.36,2.75
12.61,12.61,1.04,-0.92,0.00,0.49,0.49,4.90,1.23
29.03,34.95,2.13,-1.53,0.17,0.33,0.45,16.24,4.61
26.33,26.33,3.85,-1.69,0.00,0.29,0.63,8.72,6.10
9.90,9.90,0.93,-0.52,0.00,0.44,0.56,1.30,0.85
23.30,23.30,1.66,-2.56,0.00,0.60,0.37,13.29,2.60
32.35,32.35,1.67,-1.44,0.00,0.57,0.34,13.84,1.88
24.89,27.38,19.70,-3.42,0.09,0.20,0.80,12.08,13.54
12.67,27.88,1.47,-3.85,0.55,0.33,0.12,16.23,2.00
13.54,35.66,1.88,-3.98,0.62,0.26,0.10,20.93,2.18
30.63,35.87,1.27,-1.35,0.15,0.44,0.38,18.26,1.75
13.57,20.27,1.65,-1.60,0.33,0.34,0.34,13.74,1.82
25.31,25.31,1.17,-1.74,0.00,0.55,0.36,12.12,1.88
27.90,30.03,1.47,-1.80,0.07,0.51,0.40,12.66,2.31
8.36,8.36,2.80,-1.30,0.00,0.50,0.33,3.55,2.49
25.23,27.39,1.40,-1.44,0.08,0.47,0.41,10.48,2.43
10.10,19.41,1.95,-2.18,0.48,0.28,0.22,11.75,1.83
33.64,33.64,1.32,-0.82,0.00,0.50,0.35,13.66,1.49
15.44,32.26,1.83,-2.72,0.52,0.28,0.14,18.45,2.16
2.80,4.20,2.74,-1.55,0.33,0.25,0.40,3.07,2.87
7.80,7.80,0.85,-0.55,0.00,0.67,0.33,1.18,0.87
10.30,10.30,0.40,-0.50,0.00,0.67,0.33,0.34,0.53
9.74,9.74,1.55,-1.48,0.00,0.46,0.46,3.08,2.20
1.68,8.57,2.55,-1.60,0.80,0.08,0.07,4.58,1.19
3.30,6.19,2.30,-2.70,0.47,0.36,0.21,4.77,3.11
19.85,19.85,1.04,-1.70,0.00,0.58,0.33,5.08,1.55
23.34,23.34,1.96,-1.16,0.00,0.77,0.19,11.78,1.72
8.53,22.18,2.08,-2.69,0.62,0.27,0.10,12.98,2.02
21.46,21.46,1.72,-1.83,0.00,0.49,0.42,13.16,2.50
6.82,12.28,4.28,-3.94,0.44,0.29,0.29,8.71,5.06
14.49,14.49,2.30,-2.05,0.00,0.54,0.46,4.41,2.59
10.30,10.30,2.02,-0.80,0.00,0.71,0.29,4.11,1.62
34.39,34.39,2.05,-2.94,0.00,0.59,0.40,14.36,3.04
17.71,23.87,1.87,-1.68,0.26,0.36,0.38,13.94,1.97
43.86,57.71,1.39,-1.07,0.24,0.36,0.35,31.44,2.47
11.15,33.87,1.24,-1.81,0.67,0.20,0.11,17.55,1.36
17.48,25.45,1.58,-2.21,0.31,0.39,0.27,13.82,1.84
2.50,9.27,3.50,-3.47,0.73,0.16,0.12,4.56,1.98
37.28,37.28,1.21,-1.68,0.00,0.57,0.40,11.22,2.01
4.16,8.51,1.54,-2.21,0.51,0.31,0.17,6.03,1.82
23.49,25.70,2.58,-1.74,0.09,0.39,0.51,15.11,3.59
15.46,22.09,2.53,-2.42,0.30,0.35,0.35,15.19,2.49
7.95,7.95,1.38,-1.20,0.00,0.55,0.36,2.71,1.56
7.82,7.82,0.98,-0.90,0.00,0.51,0.49,2.66,1.18
9.47,9.47,1.00,-0.10,0.00,0.50,0.50,0.55,0.78
45.96,45.96,1.45,-1.52,0.00,0.49,0.45,12.00,2.04
57.36,57.36,1.19,-1.05,0.00,0.49,0.41,5.68,3.97
0.69,9.28,1.72,-1.57,0.93,0.04,0.03,3.76,0.59
27.82,27.82,2.16,-1.88,0.00,0.44,0.48,10.59,3.50
1.90,6.00,1.82,-2.01,0.68,0.18,0.14,3.56,1.66
9.05,9.05,1.94,-1.27,0.00,0.50,0.50,4.58,1.83
3.79,5.98,2.11,-0.90,0.37,0.19,0.44,4.87,1.54
1.73,6.00,1.64,-1.25,0.71,0.12,0.14,4.24,1.18
14.41,14.41,1.74,-1.74,0.00,0.54,0.38,4.47,1.93
13.20,13.20,3.25,-2.00,0.00,0.50,0.50,4.83,3.43
11.80,21.75,2.52,-2.46,0.46,0.28,0.26,13.34,2.19
33.61,33.61,1.67,-2.01,0.00,0.58,0.36,12.89,2.17
9.24,9.24,2.24,-2.03,0.00,0.56,0.44,3.87,2.43
10.25,11.45,1.85,-2.62,0.11,0.56,0.33,6.41,2.77
31.12,33.33,0.97,-1.51,0.07,0.57,0.32,15.25,1.62
19.45,19.45,2.24,-2.35,0.00,0.47,0.36,6.34,2.59
2.09,15.70,1.67,-2.01,0.87,0.07,0.05,6.89,0.84
1.92,17.24,1.85,-1.97,0.89,0.05,0.05,7.29,0.90
4.90,9.80,3.23,-2.87,0.50,0.24,0.24,7.05,2.71
14.29,31.66,1.74,-2.29,0.55,0.26,0.18,18.62,1.66
10.05,14.43,3.33,-1.90,0.30,0.28,0.44,10.12,2.76
18.39,18.39,2.07,-2.30,0.00,0.47,0.41,5.91,2.29
37.95,44.71,1.07,-1.27,0.15,0.42,0.35,18.55,2.17
2.74,3.81,1.15,-1.32,0.28,0.37,0.29,3.73,1.68
24.92,25.40,1.37,-1.47,0.02,0.50,0.42,14.81,1.77
10.04,11.08,2.39,-1.68,0.09,0.35,0.48,7.05,3.71
11.42,11.42,1.17,-1.52,0.00,0.55,0.39,3.11,1.64
15.72,16.51,1.78,-1.62,0.05,0.46,0.46,10.24,2.38
19.68,19.68,2.17,-2.30,0.00,0.52,0.48,9.35,2.80
12.17,16.91,1.92,-1.85,0.28,0.35,0.31,11.63,2.19
4.06,6.30,1.45,-1.17,0.36,0.33,0.33,4.59,1.40
12.38,12.38,1.85,-1.49,0.00,0.48,0.48,6.78,2.40
20.19,20.19,1.38,-1.16,0.00,0.44,0.46,6.24,1.80
12.52,16.97,1.37,-1.07,0.26,0.33,0.40,10.04,1.40
34.11,35.52,1.15,-1.53,0.04,0.53,0.38,21.61,1.83
37.80,37.80,1.04,-1.50,0.00,0.55,0.36,11.56,1.70
18.93,18.93,1.70,-1.52,0.00,0.46,0.46,7.56,1.97
31.02,31.02,1.58,-2.13,0.00,0.56,0.41,10.80,2.35
18.98,26.27,1.71,-2.08,0.28,0.42,0.30,15.15,2.25
16.09,17.84,2.21,-1.27,0.10,0.32,0.52,11.48,2.47
12.95,12.95,1.38,-1.00,0.00,0.64,0.36,3.11,1.41
9.67,9.67,1.04,-0.50,0.00,0.47,0.35,2.49,0.89
5.34,5.34,1.96,-3.23,0.00,0.56,0.33,4.51,3.62
11.22,12.38,1.56,-1.09,0.09,0.35,0.49,7.97,1.58
1.31,7.65,2.04,-1.68,0.83,0.07,0.07,3.68,0.95
11.51,15.73,2.60,-1.08,0.27,0.25,0.47,8.31,2.60
15.41,15.41,2.24,-2.67,0.00,0.58,0.42,5.84,2.90
7.96,29.49,1.97,-1.60,0.73,0.12,0.14,13.99,2.58
18.61,18.61,1.92,-1.66,0.00,0.51,0.49,12.83,2.45
21.26,21.26,1.45,-1.52,0.00,0.51,0.39,13.64,1.98
9.04,21.35,1.47,-1.30,0.58,0.18,0.20,12.27,1.15
15.80,15.80,1.55,-1.31,0.00,0.45,0.43,9.82,1.80
18.67,19.62,1.75,-1.60,0.05,0.48,0.48,10.15,2.97
9.65,9.65,0.45,-0.50,0.00,0.67,0.33,0.40,0.65
25.38,25.38,1.76,-2.17,0.00,0.54,0.38,7.42,2.27
24.22,24.22,1.94,-2.28,0.00,0.54,0.41,12.24,2.84
2.99,13.13,1.89,-1.71,0.77,0.12,0.12,7.56,1.27
10.47,10.47,0.90,-1.20,0.00,0.67,0.33,0.83,1.35
20.26,23.44,1.54,-2.32,0.14,0.48,0.29,11.44,2.33
17.98,28.26,1.85,-1.92,0.36,0.34,0.31,20.39,2.09
16.13,29.44,1.84,-1.93,0.45,0.27,0.24,16.08,1.79
18.42,18.42,1.22,-1.55,0.00,0.59,0.38,7.16,1.80
15.00,15.00,1.43,-1.18,0.00,0.47,0.53,5.63,1.59
11.47,16.86,1.40,-1.49,0.32,0.34,0.31,11.07,1.71
9.40,12.81,2.86,-1.41,0.27,0.28,0.34,9.53,3.15
31.21,31.21,1.23,-1.70,0.00,0.56,0.40,13.10,2.03
1.27,6.96,3.48,-1.37,0.82,0.06,0.13,3.55,1.50
19.67,19.67,1.64,-1.66,0.00,0.53,0.40,7.21,2.00
15.86,20.46,1.70,-2.60,0.23,0.54,0.26,11.82,2.79
14.25,23.93,1.34,-1.64,0.40,0.32,0.25,13.69,1.70
14.78,17.27,1.05,-1.15,0.14,0.41,0.37,14.37,1.39
24.33,27.66,1.54,-2.47,0.12,0.58,0.28,14.11,2.70
8.01,14.30,1.42,-1.59,0.44,0.30,0.24,9.39,1.35
8.20,8.20,0.75,-2.20,0.00,0.80,0.20,1.23,1.44
24.73,24.73,1.52,-2.30,0.00,0.52,0.34,9.29,2.40
9.06,13.12,2.22,-1.30,0.31,0.46,0.17,12.89,1.81
17.15,33.15,2.01,-1.37,0.48,0.22,0.26,17.84,1.63
10.18,10.18,1.39,-1.23,0.00,0.58,0.33,2.55,1.62
3.59,11.28,1.74,-1.56,0.68,0.16,0.17,6.81,1.31
0.53,6.59,2.13,-1.75,0.92,0.04,0.04,2.07,0.63
9.00,9.48,1.06,-1.09,0.05,0.49,0.46,7.48,1.39
11.66,13.39,1.90,-2.60,0.13,0.50,0.30,10.23,2.46
10.67,10.67,2.30,-0.57,0.00,0.17,0.50,0.96,1.16
10.00,10.00,0.20,-0.10,0.00,0.50,0.50,0.10,0.21
4.79,9.19,1.24,-1.34,0.48,0.31,0.24,5.69,1.14
3.71,5.27,1.70,-1.32,0.30,0.30,0.38,3.99,1.61
4.98,14.09,2.41,-2.80,0.65,0.22,0.15,9.51,1.82
4.43,16.22,1.18,-1.16,0.73,0.13,0.11,7.96,0.84
8.88,8.88,1.80,-0.70,0.00,0.29,0.29,1.31,1.12
23.62,23.62,2.15,-1.86,0.00,0.53,0.45,8.07,2.98
3.94,9.15,1.13,-1.20,0.57,0.22,0.19,6.60,1.12
12.57,29.42,1.96,-2.58,0.57,0.23,0.16,17.72,1.84
13.22,28.45,1.82,-1.87,0.54,0.25,0.22,16.49,1.69
14.35,17.22,1.73,-1.88,0.17,0.49,0.39,12.52,2.83
15.44,24.05,1.18,-0.96,0.36,0.27,0.32,13.40,1.17
14.61,14.61,1.08,-1.27,0.00,0.60,0.35,3.11,1.64
7.69,11.38,1.43,-0.92,0.32,0.26,0.38,8.33,1.20
13.40,14.06,1.64,-1.62,0.05,0.45,0.44,12.91,2.25
29.94,29.94,1.61,-2.92,0.00,0.60,0.30,11.89,2.74
1.15,6.77,1.10,-2.04,0.83,0.11,0.06,2.83,0.84
3.75,5.40,1.38,-0.94,0.31,0.29,0.40,3.28,1.69
25.33,25.33,1.26,-2.23,0.00,0.65,0.35,11.22,2.11
12.78,29.04,1.74,-2.53,0.56,0.27,0.16,15.95,1.93
16.51,16.51,2.92,-1.94,0.00,0.55,0.45,6.20,2.96
15.79,26.68,1.91,-2.46,0.41,0.33,0.25,15.55,2.33
0.90,3.21,2.18,-1.88,0.72,0.12,0.12,2.30,1.28
10.15,10.15,0.60,-0.10,0.00,0.67,0.33,0.57,0.64
9.66,9.66,1.00,-0.57,0.00,0.38,0.50,1.10,0.92
10.88,10.88,2.10,-0.77,0.00,0.30,0.60,2.43,1.72
9.98,9.98,5.00,-0.92,0.00,0.20,0.80,1.93,2.66
9.75,9.75,0.50,0.0,0.00,1.00,0.00,0.35,nan
12.03,12.03,1.02,-0.71,0.00,0.38,0.50,2.26,0.99
9.09,9.09,3.10,-0.60,0.00,0.17,0.50,1.29,1.47
8.76,8.76,1.08,-0.86,0.00,0.46,0.50,3.07,1.13
15.37,22.28,1.64,-1.37,0.31,0.33,0.33,16.06,1.61
5.10,11.91,2.60,-1.51,0.57,0.20,0.20,7.55,2.01
8.81,20.35,1.78,-1.63,0.57,0.20,0.22,13.39,1.60
14.90,14.90,1.73,-1.44,0.00,0.46,0.46,6.26,1.77
9.13,16.36,1.40,-1.39,0.44,0.29,0.29,11.66,1.52
8.33,8.95,1.62,-1.94,0.07,0.46,0.36,5.55,1.96
11.89,11.89,0.93,-0.76,0.00,0.48,0.44,3.39,1.02
0.81,7.15,2.96,-2.35,0.89,0.06,0.07,2.65,1.15
36.47,36.47,1.53,-2.78,0.00,0.64,0.32,16.02,3.32
27.45,27.45,1.82,-1.75,0.00,0.49,0.48,9.33,2.31
24.41,24.41,2.58,-1.98,0.00,0.48,0.48,12.75,2.83
8.13,8.13,3.60,-0.90,0.00,0.60,0.40,4.77,2.79
7.08,12.64,2.61,-2.47,0.44,0.29,0.29,7.23,2.30
10.12,10.12,0.30,-0.10,0.00,0.50,0.25,0.24,0.26
27.99,27.99,1.33,-1.47,0.00,0.56,0.39,11.55,2.20
11.38,36.52,3.62,-5.88,0.69,0.21,0.11,19.07,3.13
13.38,13.38,1.95,-1.27,0.00,0.50,0.38,3.12,2.11
13.72,21.58,1.41,-2.06,0.36,0.36,0.24,12.16,1.74
21.08,21.08,1.33,-1.41,0.00,0.48,0.40,6.55,1.74
3.78,9.55,1.26,-1.45,0.60,0.20,0.16,6.11,1.02
31.16,34.53,1.71,-3.23,0.10,0.54,0.28,18.28,3.17
19.69,24.78,1.88,-2.04,0.21,0.41,0.34,13.40,2.15
6.01,12.67,2.37,-1.54,0.53,0.19,0.29,8.03,2.14
12.03,13.43,1.04,-1.05,0.10,0.43,0.40,10.20,1.35
1.71,3.42,1.72,-2.00,0.50,0.26,0.17,3.32,1.93
16.52,16.52,1.14,-1.24,0.00,0.52,0.38,8.41,1.61
3.93,5.50,1.70,-2.35,0.29,0.46,0.31,4.24,2.65
2.86,8.59,2.19,-1.70,0.67,0.17,0.17,4.90,1.35
7.51,7.51,1.07,-1.02,0.00,0.58,0.42,2.55,1.33
3.30,4.43,0.96,-1.06,0.25,0.38,0.32,3.09,1.23
10.01,10.01,0.99,-1.55,0.00,0.54,0.31,2.07,1.34
1.90,4.60,1.11,-1.36,0.59,0.23,0.17,2.92,1.10
3.54,5.21,1.86,-2.36,0.32,0.42,0.29,3.98,2.01
2.30,4.70,1.17,-1.07,0.51,0.25,0.24,3.24,1.00
8.83,9.63,1.39,-1.32,0.08,0.49,0.40,7.88,1.75
2.56,8.74,1.45,-0.85,0.71,0.17,0.10,5.21,1.15
17.17,19.57,1.47,-1.34,0.12,0.45,0.39,8.68,1.83
2.01,5.29,1.23,-0.94,0.62,0.17,0.21,3.16,0.93
10.45,10.45,0.62,-0.77,0.00,0.50,0.30,0.99,0.83
6.70,7.49,1.14,-1.07,0.11,0.36,0.36,6.51,1.19
10.28,10.28,1.90,-0.27,0.00,0.40,0.60,1.73,1.35
8.53,8.53,0.98,-0.73,0.00,0.43,0.52,2.98,0.99
16.06,16.06,1.44,-1.39,0.00,0.56,0.44,4.94,1.74
13.30,13.30,1.14,-0.89,0.00,0.48,0.48,4.13,1.24
12.03,12.03,1.75,-1.25,0.00,0.50,0.50,2.81,1.97
11.87,16.70,1.34,-0.95,0.29,0.34,0.31,13.55,1.44
2.85,6.44,1.00,-0.63,0.56,0.22,0.15,4.60,0.80
6.92,7.43,1.31,-0.94,0.07,0.40,0.49,3.87,1.50
9.95,9.95,2.50,0.0,0.00,0.33,0.00,1.44,1.44
15.78,17.37,1.43,-1.83,0.09,0.48,0.37,12.84,2.65
12.27,16.65,2.24,-1.69,0.26,0.32,0.41,10.43,2.91
6.19,15.47,1.45,-1.63,0.60,0.22,0.20,9.82,1.32
8.79,8.79,1.38,-1.01,0.00,0.43,0.50,2.20,1.33
22.85,22.85,1.31,-1.44,0.00,0.53,0.46,8.70,1.60
1.59,4.72,0.99,-0.86,0.66,0.16,0.14,3.42,0.85
8.95,8.95,0.63,-1.01,0.00,0.58,0.30,3.27,0.92
3.92,20.58,10.10,-2.05,0.81,0.04,0.16,9.29,3.46
9.32,11.93,1.61,-1.64,0.22,0.35,0.32,6.44,1.82
20.22,20.22,1.20,-1.24,0.00,0.48,0.40,12.46,1.50
12.81,17.74,2.45,-1.75,0.28,0.28,0.38,12.60,2.11
24.73,24.73,1.55,-2.18,0.00,0.58,0.40,11.38,2.52
17.38,17.38,1.72,-1.69,0.00,0.53,0.47,4.78,2.23
34.40,34.40,2.27,-1.96,0.00,0.48,0.52,11.71,3.16
18.96,18.96,1.26,-1.13,0.00,0.44,0.48,6.77,1.49
9.98,9.98,1.96,-2.60,0.00,0.67,0.20,7.56,2.59
10.06,10.06,1.08,-1.53,0.00,0.73,0.20,4.21,1.27
19.76,19.76,0.75,-1.17,0.00,0.59,0.35,6.38,1.15
10.50,10.50,1.15,-1.27,0.00,0.61,0.39,4.71,1.64
2.87,5.56,1.30,-1.20,0.48,0.23,0.24,4.57,1.16
31.19,31.19,1.64,-1.70,0.00,0.50,0.44,12.36,2.36
3.07,8.11,1.23,-1.12,0.62,0.20,0.19,6.00,1.32
11.45,31.22,1.42,-1.12,0.63,0.16,0.18,16.47,0.99
8.63,8.63,1.30,-1.50,0.00,0.49,0.37,6.74,1.73
12.27,12.27,1.47,-1.04,0.00,0.46,0.54,3.28,1.74
21.24,24.41,3.59,-2.97,0.13,0.32,0.38,13.77,4.43
25.20,25.20,2.37,-3.11,0.00,0.60,0.40,11.59,3.14
2.27,6.08,1.36,-0.97,0.63,0.15,0.20,3.55,0.93
7.97,7.97,1.62,-0.70,0.00,0.42,0.58,2.20,1.55
25.73,27.57,1.57,-2.27,0.07,0.52,0.36,15.52,3.43
8.23,25.59,1.70,-2.10,0.68,0.18,0.13,13.87,1.45
21.53,27.29,1.82,-2.28,0.21,0.47,0.30,14.67,2.58
4.40,4.92,2.52,-1.11,0.11,0.33,0.61,2.85,2.39
9.18,9.18,1.05,-0.52,0.00,0.44,0.56,1.09,0.97
7.30,7.30,1.13,-1.08,0.00,0.53,0.47,1.59,1.40
13.75,13.75,2.12,-1.07,0.00,0.31,0.58,4.67,1.99
39.15,39.15,0.97,-0.99,0.00,0.41,0.40,10.17,1.24
8.48,27.41,1.17,-2.13,0.69,0.20,0.10,14.53,1.18
17.18,23.77,1.55,-2.76,0.28,0.41,0.21,18.35,2.22
8.38,27.02,2.04,-3.25,0.69,0.20,0.11,14.09,1.72
17.68,17.68,4.63,-1.53,0.00,0.38,0.38,5.66,3.07
1.09,8.87,2.96,-1.93,0.88,0.05,0.07,3.44,1.54
30.06,31.03,1.86,-2.23,0.03,0.52,0.43,15.33,2.77
2.94,5.88,5.65,-1.27,0.50,0.22,0.33,4.35,3.64
5.06,6.75,1.41,-1.06,0.25,0.35,0.41,3.41,1.42
1.19,4.51,1.36,-1.14,0.74,0.12,0.13,2.32,0.82
9.27,12.70,2.00,-1.82,0.27,0.42,0.36,9.71,1.99
9.79,15.53,2.54,-1.54,0.37,0.27,0.36,9.06,1.99
2.31,5.40,3.55,-1.76,0.57,0.20,0.25,3.97,2.62
14.19,15.76,2.91,-1.77,0.10,0.58,0.37,7.82,3.13
9.83,9.83,1.56,-1.77,0.00,0.62,0.38,2.92,2.02
10.26,18.26,0.98,-2.24,0.44,0.41,0.12,11.29,1.45
20.70,25.09,3.77,-1.63,0.17,0.26,0.51,14.75,3.36
21.99,21.99,1.93,-1.63,0.00,0.48,0.43,6.84,2.27
4.54,11.12,1.97,-2.00,0.59,0.21,0.17,6.35,1.87
2.37,6.63,1.44,-1.03,0.64,0.18,0.18,4.24,1.11
10.61,10.61,1.04,-0.96,0.00,0.46,0.46,3.35,1.42
11.22,11.22,1.20,-1.47,0.00,0.62,0.38,2.15,1.72
9.73,17.83,2.43,-2.11,0.45,0.28,0.26,11.34,2.07
27.31,27.31,1.08,-1.05,0.00,0.45,0.46,9.17,1.41
35.83,35.83,0.82,-1.19,0.00,0.52,0.36,11.67,1.85
9.88,14.55,1.01,-0.90,0.32,0.32,0.31,8.10,1.18
6.22,6.56,0.78,-0.62,0.05,0.40,0.46,5.65,0.90
20.70,22.63,0.88,-0.98,0.09,0.45,0.40,9.07,1.20
9.97,9.97,0.76,-0.88,0.00,0.57,0.43,1.80,0.99
3.44,9.24,1.84,-1.76,0.63,0.19,0.17,5.14,1.43
6.87,14.36,2.49,-2.61,0.52,0.25,0.21,11.06,2.16
9.13,9.13,1.80,-0.70,0.00,0.50,0.50,2.16,1.59
10.10,10.10,0.55,0.0,0.00,1.00,0.00,0.61,0.64
28.12,28.12,1.39,-2.08,0.00,0.59,0.37,13.78,2.31
26.60,26.60,1.16,-2.02,0.00,0.63,0.33,13.59,1.91
58.49,59.71,0.93,-0.78,0.02,0.46,0.40,15.20,1.16
32.62,32.62,2.27,-2.77,0.00,0.54,0.38,17.66,3.15
6.47,10.41,0.64,-1.27,0.38,0.40,0.17,6.46,0.94
1.40,13.47,1.49,-3.04,0.90,0.07,0.03,4.59,0.78
15.40,15.40,0.94,-1.68,0.00,0.62,0.26,6.49,1.37
4.53,9.75,0.95,-1.38,0.54,0.28,0.16,5.85,0.88
22.91,23.46,1.05,-1.23,0.02,0.47,0.39,7.08,1.73
6.15,18.62,1.50,-2.04,0.67,0.19,0.14,10.27,1.37
6.82,23.08,1.65,-1.56,0.70,0.18,0.11,11.45,1.29
37.47,37.47,1.56,-1.97,0.00,0.53,0.41,10.29,3.40
14.30,14.30,1.51,-1.36,0.00,0.48,0.40,6.85,1.77
1.57,11.00,1.15,-1.47,0.86,0.07,0.05,6.20,0.62
9.96,21.28,1.59,-1.12,0.53,0.21,0.27,12.16,1.35
26.97,29.76,1.26,-1.62,0.09,0.48,0.36,11.50,1.77
20.35,21.94,1.22,-1.52,0.07,0.50,0.40,8.84,1.84
4.58,8.79,0.97,-0.84,0.48,0.20,0.22,7.49,1.15
2.06,5.80,1.51,-2.15,0.64,0.21,0.15,3.58,1.57
9.53,9.53,1.34,-1.14,0.00,0.51,0.49,6.08,1.84
3.16,10.87,1.31,-1.51,0.71,0.15,0.12,5.44,0.87
7.43,7.43,1.00,-1.40,0.00,0.55,0.18,1.76,1.11
9.41,9.41,0.81,-1.04,0.00,0.58,0.42,2.00,1.18
7.03,7.03,1.32,-1.92,0.00,0.60,0.33,3.81,1.95
4.04,5.74,1.07,-0.84,0.29,0.35,0.36,4.09,1.24
20.47,20.47,0.93,-1.36,0.00,0.57,0.39,5.61,1.53
5.95,10.16,1.43,-1.23,0.41,0.28,0.28,6.09,1.29
8.60,8.60,0.50,-0.55,0.00,0.50,0.38,0.76,0.65
22.41,22.41,1.15,-2.67,0.00,0.69,0.26,6.70,2.15
8.72,8.72,1.06,-1.60,0.00,0.62,0.38,2.88,1.61
2.85,8.72,2.13,-1.78,0.67,0.16,0.16,6.14,1.52
6.25,6.25,1.14,-0.97,0.00,0.48,0.39,4.97,1.23
6.42,6.42,1.20,-0.86,0.00,0.55,0.45,2.25,1.36
8.61,8.61,1.33,-1.85,0.00,0.67,0.22,3.07,1.83
2.07,4.91,1.28,-1.21,0.58,0.21,0.22,3.01,0.97
10.97,10.97,1.29,-1.05,0.00,0.50,0.43,3.42,1.65
4.59,5.57,1.04,-0.79,0.18,0.35,0.43,2.93,1.01
11.65,11.65,1.34,-1.33,0.00,0.56,0.33,2.35,1.46
8.29,8.29,0.97,-1.37,0.00,0.60,0.30,1.95,1.40
2.67,6.69,1.18,-1.76,0.60,0.26,0.13,4.04,1.10
21.11,21.11,1.53,-1.23,0.00,0.42,0.51,8.04,1.75
8.90,8.90,1.03,-0.45,0.00,0.60,0.40,1.37,1.31
7.57,7.57,1.07,-0.98,0.00,0.50,0.44,3.70,1.25
28.38,30.38,1.32,-1.32,0.07,0.44,0.43,12.47,2.00
24.38,35.76,1.21,-1.31,0.32,0.36,0.31,21.25,1.53
17.01,28.13,1.66,-2.36,0.40,0.35,0.23,16.59,1.90
3.40,14.52,2.69,-2.02,0.77,0.10,0.12,6.72,1.60
25.61,29.60,1.47,-1.59,0.13,0.45,0.38,16.29,2.05
8.02,15.35,2.01,-1.48,0.48,0.23,0.28,9.77,1.47
2.36,12.05,3.39,-1.95,0.80,0.08,0.12,5.98,1.46
1.49,6.47,2.23,-1.58,0.77,0.12,0.12,3.29,1.15
1.79,5.66,1.38,-1.35,0.68,0.16,0.15,3.40,1.11
2.00,5.52,1.98,-1.28,0.64,0.14,0.20,3.98,1.30
2.10,9.83,3.01,-1.58,0.79,0.08,0.13,5.45,1.45
10.28,10.28,0.88,-2.10,0.00,0.71,0.14,1.64,1.38
3.32,6.84,5.33,-1.56,0.52,0.09,0.28,5.39,2.57
12.74,24.85,2.12,-2.28,0.49,0.27,0.23,15.61,2.07
1.73,10.66,2.26,-1.87,0.84,0.10,0.06,5.35,1.07
2.33,7.45,4.92,-2.18,0.69,0.16,0.16,4.70,2.78
12.76,12.76,2.67,-3.65,0.00,0.67,0.33,4.34,4.31
6.51,6.51,1.11,-1.14,0.00,0.56,0.39,3.27,1.41
24.68,24.68,1.59,-1.30,0.00,0.45,0.52,7.14,2.20
5.32,11.03,2.40,-1.43,0.52,0.18,0.27,6.79,1.57
15.83,15.83,0.91,-1.11,0.00,0.47,0.38,4.78,1.22
2.26,7.19,3.53,-1.67,0.69,0.12,0.14,5.26,2.07
5.83,9.22,3.30,-2.00,0.37,0.28,0.39,6.01,2.46
24.07,25.38,2.22,-1.98,0.05,0.44,0.47,14.22,3.06
20.97,39.29,1.40,-1.28,0.47,0.35,0.13,22.65,1.24
13.51,32.81,2.05,-3.25,0.59,0.27,0.13,17.60,2.31
21.59,21.59,2.61,-3.40,0.00,0.56,0.41,12.42,3.40
1.91,5.10,10.30,-1.24,0.62,0.07,0.33,3.67,2.96
24.51,24.51,4.64,-2.76,0.00,0.39,0.61,10.27,4.75
4.26,5.40,3.76,-1.23,0.21,0.28,0.50,5.24,3.95
23.81,23.81,1.78,-1.94,0.00,0.55,0.43,12.32,2.30
13.04,30.95,1.78,-2.67,0.58,0.26,0.14,17.28,2.00
20.65,20.65,6.63,-2.53,0.00,0.27,0.64,8.01,6.72
28.88,28.88,1.67,-2.05,0.00,0.46,0.37,17.37,3.88
7.86,7.86,14.60,-2.20,0.00,0.25,0.50,5.65,8.10
15.19,18.22,2.34,-1.99,0.17,0.46,0.37,7.98,2.98
15.76,15.76,2.11,-1.56,0.00,0.42,0.53,7.77,2.59
25.85,25.85,2.04,-1.94,0.00,0.47,0.46,13.70,3.45
2.52,5.53,2.27,-1.48,0.54,0.21,0.27,3.54,2.41
3.58,21.50,21.50,0.0,0.83,0.20,0.00,8.78,9.62
10.20,15.30,12.20,0.0,0.33,1.00,0.00,12.68,8.49
30.22,30.22,2.35,-2.00,0.00,0.52,0.39,8.83,4.22
22.68,28.35,30.30,-1.20,0.20,0.25,0.75,12.75,15.75
13.88,18.50,21.00,-2.50,0.25,0.33,0.67,9.47,13.57
3.05,6.10,10.10,-1.17,0.50,0.13,0.47,4.80,4.99
10.50,10.50,20.80,0.0,0.00,1.00,0.00,14.71,nan
14.23,21.35,29.40,-9.65,0.33,0.12,0.25,14.75,13.18
25.08,25.08,4.33,-2.55,0.00,0.41,0.24,7.78,4.94
12.81,12.81,15.85,-12.15,0.00,0.33,0.33,7.81,13.00
11.30,11.30,2.10,0.0,0.00,0.50,0.00,1.21,1.48
18.79,18.79,15.50,0.0,0.00,0.17,0.00,5.86,6.33
16.20,16.20,17.40,0.0,0.00,1.00,0.00,12.30,nan
27.65,27.65,10.23,-6.49,0.00,0.17,0.23,6.56,6.58
15.92,15.92,6.72,-2.82,0.00,0.14,0.31,3.24,3.90
10.86,10.86,8.45,-1.10,0.00,0.50,0.50,6.72,8.40
27.01,27.01,1.44,-1.92,0.00,0.38,0.27,18.25,2.23
20.92,31.56,1.57,-2.10,0.34,0.40,0.27,19.89,2.00
2.54,10.03,1.64,-1.15,0.75,0.12,0.12,5.36,0.98
56.73,56.73,1.16,-1.49,0.00,0.52,0.40,15.50,1.78
23.32,30.43,1.31,-1.62,0.23,0.41,0.33,19.62,1.73
0.95,5.27,1.34,-0.89,0.82,0.07,0.10,2.67,0.66
12.92,12.92,0.92,-0.76,0.00,0.40,0.45,8.20,1.11
14.24,22.34,0.74,-0.92,0.36,0.33,0.26,12.86,0.94
0.78,7.16,1.95,-1.24,0.89,0.05,0.05,2.56,0.69
22.43,22.43,2.30,-1.12,0.00,0.33,0.65,8.94,2.02
15.14,19.06,1.25,-0.96,0.21,0.36,0.42,10.43,1.26
18.21,18.21,0.94,-0.73,0.00,0.45,0.49,5.71,1.16
1.49,6.87,2.08,-2.62,0.78,0.13,0.09,3.36,1.36
9.57,9.57,0.26,-0.50,0.00,0.83,0.17,0.39,0.37
10.15,10.15,0.50,0.0,0.00,1.00,0.00,0.35,nan
25.86,25.86,1.31,-1.18,0.00,0.43,0.48,8.20,2.70
13.87,14.46,1.30,-1.18,0.04,0.48,0.44,8.40,1.70
11.92,20.60,4.56,-2.47,0.42,0.22,0.38,14.20,3.53
34.46,34.46,1.36,-1.57,0.00,0.52,0.43,10.07,1.99
12.33,30.46,2.49,-2.36,0.60,0.19,0.19,16.06,1.97
9.61,23.12,2.33,-1.87,0.58,0.19,0.21,12.76,1.81
27.02,27.02,2.15,-2.17,0.00,0.53,0.45,10.46,2.65
14.75,35.25,2.22,-3.03,0.58,0.24,0.16,20.08,2.08
15.24,26.52,1.37,-3.28,0.43,0.41,0.15,16.78,2.09
17.81,24.99,1.27,-1.58,0.29,0.41,0.28,13.18,1.80
8.70,8.70,2.70,-2.50,0.00,0.33,0.33,1.50,2.60
11.45,21.89,1.35,-2.21,0.48,0.32,0.18,12.72,1.54
2.82,11.94,1.79,-1.97,0.76,0.14,0.08,6.67,1.14
3.14,7.53,1.21,-1.05,0.58,0.20,0.20,6.90,1.13
3.66,15.28,1.34,-1.51,0.76,0.12,0.10,8.17,0.90
9.27,11.72,1.36,-1.08,0.21,0.38,0.31,7.58,1.42
1.98,5.70,1.33,-0.88,0.65,0.13,0.19,3.64,0.94
1.35,4.92,2.42,-1.57,0.72,0.15,0.18,3.01,1.45
21.47,21.47,1.46,-1.38,0.00,0.46,0.45,6.19,1.87
5.32,11.22,8.95,-2.62,0.53,0.11,0.33,7.41,4.45
32.37,32.37,1.47,-2.75,0.00,0.60,0.32,13.51,3.20
24.69,33.09,1.46,-1.86,0.25,0.41,0.30,18.42,1.84
16.04,22.76,1.72,-1.32,0.30,0.29,0.38,13.30,1.88
28.33,28.33,1.41,-1.16,0.00,0.50,0.45,12.44,1.73
18.87,22.53,2.21,-2.45,0.16,0.47,0.36,14.60,2.80
2.46,10.33,3.85,-1.60,0.76,0.10,0.15,5.00,1.70
1.17,6.46,1.16,-1.03,0.82,0.08,0.08,4.46,0.73
60.15,66.81,1.17,-1.33,0.10,0.41,0.36,31.84,1.79
73.73,73.73,1.25,-1.35,0.00,0.48,0.44,26.24,2.31
57.86,59.79,1.24,-1.72,0.03,0.53,0.38,22.51,2.17
9.15,12.47,1.23,-1.24,0.27,0.39,0.34,6.68,1.62
37.07,37.07,1.84,-2.27,0.00,0.54,0.44,13.05,2.53
25.20,37.96,1.31,-1.39,0.34,0.33,0.29,19.89,1.63
11.82,11.82,0.91,-1.56,0.00,0.64,0.32,3.71,1.49
19.51,19.51,1.66,-2.09,0.00,0.57,0.38,7.16,2.27
14.71,14.71,1.35,-1.12,0.00,0.43,0.43,4.57,1.64
12.40,16.90,3.42,-1.88,0.27,0.28,0.45,10.46,2.81
14.61,14.61,1.27,-1.22,0.00,0.58,0.42,3.11,1.50
16.19,16.19,4.40,-1.20,0.00,0.23,0.69,3.60,3.64
9.49,9.49,0.79,-0.45,0.00,0.78,0.22,2.08,0.82
19.37,19.37,0.93,-0.92,0.00,0.44,0.42,5.26,1.13
8.72,10.06,1.29,-1.70,0.13,0.48,0.32,6.25,1.72
8.65,8.65,1.60,-0.90,0.00,0.43,0.43,1.91,1.43
11.69,11.69,1.05,-1.06,0.00,0.53,0.37,3.83,1.24
17.86,17.86,1.83,-1.93,0.00,0.53,0.47,5.18,2.22
8.96,8.96,0.53,-0.60,0.00,0.46,0.31,1.11,0.60
9.32,9.32,0.60,-0.80,0.00,0.67,0.33,0.57,0.95
7.91,7.91,5.53,-1.02,0.00,0.14,0.71,4.27,3.57
12.34,12.34,2.26,-2.24,0.00,0.54,0.38,5.41,2.61
9.45,9.45,1.10,0.0,0.00,1.00,0.00,0.78,nan
10.23,10.23,2.50,-0.30,0.00,0.50,0.50,1.37,1.98
9.82,9.82,1.90,-0.50,0.00,0.33,0.33,0.97,1.27
10.20,10.20,1.36,-0.80,0.00,0.42,0.50,2.35,1.30
10.55,10.55,2.60,-0.20,0.00,0.33,0.67,1.39,1.62
8.25,8.25,1.80,-2.35,0.00,0.60,0.40,2.07,2.37
20.38,20.38,1.37,-1.36,0.00,0.49,0.46,6.49,1.72
11.36,15.45,1.32,-1.36,0.26,0.36,0.33,8.25,1.47
17.42,17.42,0.91,-0.97,0.00,0.54,0.42,3.24,1.17
9.25,14.99,1.53,-1.41,0.38,0.29,0.30,9.36,1.47
9.05,9.05,1.50,-0.97,0.00,0.36,0.48,4.33,1.45
2.12,8.32,3.55,-1.46,0.75,0.08,0.18,4.07,2.03
3.87,10.48,3.26,-1.80,0.63,0.12,0.20,7.38,1.76
17.94,22.43,1.01,-1.14,0.20,0.40,0.32,11.45,1.26
5.82,7.76,1.93,-2.53,0.25,0.55,0.27,4.70,2.81
59.95,59.95,1.60,-1.71,0.00,0.49,0.45,14.14,2.60
58.09,59.58,1.18,-1.41,0.03,0.50,0.41,19.22,1.94
11.91,14.04,1.12,-1.57,0.15,0.45,0.31,10.36,1.49
7.61,9.89,1.61,-1.70,0.23,0.39,0.35,9.73,2.00
2.35,8.87,1.87,-2.17,0.74,0.13,0.10,4.90,1.15
42.57,42.57,1.03,-1.52,0.00,0.51,0.34,12.42,1.59
37.29,38.59,1.19,-1.34,0.03,0.49,0.40,15.16,2.01
32.38,33.04,1.57,-1.86,0.02,0.50,0.41,16.99,2.14
11.85,11.85,1.64,-1.55,0.00,0.54,0.46,3.67,1.89
13.75,15.71,1.96,-1.85,0.12,0.52,0.39,8.19,3.53
12.22,14.44,4.09,-1.83,0.15,0.23,0.48,13.05,6.00
21.27,21.27,1.25,-1.67,0.00,0.54,0.38,6.82,1.95
20.47,20.47,5.08,-2.95,0.00,0.50,0.50,7.68,5.70
24.37,25.96,2.02,-1.93,0.06,0.48,0.44,14.36,2.56
17.87,17.87,1.13,-1.26,0.00,0.49,0.43,6.57,1.76
1.74,7.13,2.10,-2.42,0.76,0.16,0.09,3.57,1.42
7.56,7.56,0.82,-1.20,0.00,0.55,0.36,1.95,1.10
9.90,9.90,0.30,0.0,0.00,0.50,0.00,0.17,0.21
2.94,6.30,1.45,-1.16,0.53,0.18,0.20,3.75,1.05
10.55,10.55,0.50,0.0,0.00,0.67,0.00,0.47,0.31
2.58,6.85,0.74,-0.88,0.62,0.22,0.14,4.21,0.63
6.95,6.95,1.34,-0.80,0.00,0.36,0.43,2.25,1.23
3.50,4.67,0.96,-1.39,0.25,0.40,0.26,3.68,1.53
7.76,7.76,0.48,-0.64,0.00,0.53,0.39,2.05,0.63
10.24,10.24,5.30,-1.80,0.00,0.30,0.70,5.54,5.10
11.24,11.24,1.24,-1.85,0.00,0.71,0.29,2.27,1.65
3.33,5.24,0.84,-1.22,0.36,0.42,0.23,4.21,1.22
8.74,8.74,0.68,-1.02,0.00,0.55,0.34,2.65,0.99
34.38,34.38,0.69,-0.89,0.00,0.49,0.37,8.75,1.07
31.47,39.08,0.96,-1.17,0.19,0.40,0.32,19.33,1.31
71.00,71.82,1.23,-1.02,0.01,0.41,0.49,22.44,2.94
30.97,32.72,1.07,-1.25,0.05,0.49,0.41,15.16,1.48
5.79,5.79,0.68,-0.74,0.00,0.52,0.42,2.23,0.93
10.88,10.88,1.02,-0.79,0.00,0.47,0.50,3.25,1.16
9.04,9.04,0.92,-0.98,0.00,0.46,0.38,2.17,1.19
9.93,9.93,0.80,-1.40,0.00,0.80,0.20,1.28,1.08
9.55,9.55,0.85,-1.00,0.00,0.67,0.33,0.70,1.10
8.92,8.92,1.37,-0.81,0.00,0.37,0.58,2.10,1.30
7.16,7.16,0.80,-0.96,0.00,0.56,0.31,1.48,1.01
3.83,5.27,1.07,-0.83,0.27,0.30,0.37,3.10,1.09
25.79,26.37,1.21,-1.39,0.02,0.49,0.42,14.43,1.92
79.54,79.54,1.21,-1.47,0.00,0.47,0.39,22.03,3.40
2.30,4.34,2.69,-1.19,0.47,0.20,0.31,3.46,2.57
14.23,14.23,12.45,0.0,0.00,1.00,0.00,14.10,16.19
19.13,19.13,14.40,-18.70,0.00,0.60,0.40,10.04,19.85
15.97,19.16,8.07,-1.70,0.17,0.60,0.40,8.02,8.78
32.25,32.25,1.77,-1.44,0.00,0.46,0.46,8.69,3.16
11.76,13.33,1.13,-1.73,0.12,0.50,0.24,10.49,1.83
5.21,5.21,2.08,-0.74,0.00,0.36,0.50,2.52,2.41
10.35,10.35,3.70,0.0,0.00,1.00,0.00,2.62,nan
12.51,12.51,1.36,-0.89,0.00,0.47,0.37,1.89,1.25
18.28,18.28,3.26,-4.25,0.00,0.64,0.36,5.94,5.36
35.64,35.64,1.20,-1.11,0.00,0.44,0.45,7.73,1.80
8.26,8.26,0.78,-2.10,0.00,0.71,0.14,1.28,1.21
54.10,54.10,1.54,-1.50,0.00,0.46,0.44,17.49,2.57
30.05,30.05,1.24,-2.54,0.00,0.71,0.25,10.07,2.44
24.89,27.20,2.09,-2.05,0.09,0.46,0.43,16.68,3.22
49.96,59.35,3.45,-2.49,0.16,0.34,0.46,30.85,7.34
3.72,4.47,4.80,-1.58,0.17,0.31,0.59,4.70,5.20
21.85,21.85,12.17,-4.52,0.00,0.33,0.67,10.87,10.84
3.40,3.89,4.06,-1.80,0.12,0.10,0.15,3.20,2.24
29.32,29.32,4.99,0.0,0.00,1.00,0.00,11.94,6.29
17.63,17.63,44.20,0.0,0.00,0.50,0.00,25.52,31.25
33.47,33.47,23.00,0.0,0.00,1.00,0.00,26.47,32.10
18.53,18.53,46.90,0.0,0.00,0.50,0.00,27.08,33.16
37.31,37.31,51.10,-2.75,0.00,0.06,0.83,16.54,12.90
43.18,43.36,1.31,-1.30,0.00,0.44,0.43,10.08,2.09
2.07,7.58,22.00,-2.33,0.73,0.05,0.19,5.22,5.09
36.52,38.76,2.39,-2.11,0.06,0.43,0.46,16.00,3.76
15.48,15.48,4.13,-2.36,0.00,0.53,0.43,14.92,5.62
35.15,35.15,38.40,-1.12,0.00,0.20,0.80,14.80,17.68
20.80,20.80,27.40,0.0,0.00,1.00,0.00,19.37,nan
37.43,37.43,2.56,-1.91,0.00,0.41,0.53,8.78,4.00
25.59,27.15,1.61,-1.47,0.06,0.46,0.48,16.70,2.51
8.58,8.58,1.90,-2.70,0.00,0.67,0.33,3.47,3.45
24.17,24.17,1.86,-2.36,0.00,0.52,0.40,11.91,4.53
33.58,33.58,2.97,-2.35,0.00,0.42,0.53,12.13,5.10
32.88,33.72,2.12,-2.86,0.02,0.51,0.38,14.11,4.80
20.09,24.29,1.20,-1.50,0.17,0.48,0.32,12.18,1.61
8.01,8.01,0.88,-0.96,0.00,0.55,0.38,3.79,1.24
3.24,4.35,1.53,-1.39,0.25,0.38,0.36,2.75,1.86
6.98,6.98,3.13,-1.50,0.00,0.75,0.25,3.63,3.08
25.65,25.65,2.14,-2.27,0.00,0.50,0.46,7.48,4.15
9.77,9.77,2.17,-0.84,0.00,0.50,0.40,5.08,3.60
16.10,16.10,16.60,0.0,0.00,1.00,0.00,11.74,nan
7.77,7.77,1.29,-0.98,0.00,0.53,0.35,3.52,1.43
