,0
0,-20.132583222429957
1,-13.383146890698864
2,14.737110542622158
3,5.488655153972049
4,22.086137191521082
5,37.04254225958889
6,13.652887114848614
7,28.411543449664876
8,28.605264996930167
9,25.311696099995764
10,23.480527814588385
11,-9.92065112812707
12,-5.472241965951732
13,-17.883928223313106
14,17.504725064327566
15,8.843895045817073
16,12.312841933147132
17,-5.793652015441659
18,-15.24175726546092
19,-4.529144515808053
20,-17.57998567680544
21,-23.110547550607038
22,-15.56988172812056
23,-17.194272549741356
24,-12.287854098064324
25,-20.38922557937105
26,-10.554134422884676
27,-2.959703143048947
28,-23.326750699578355
29,3.010490334689079
30,7.607028614741522
31,2.9127694496061576
32,1.9959489881472328
33,1.4026819482522184
34,-15.407114423295146
35,13.462828731356343
36,-11.148398089107562
37,10.694707920301258
38,-19.175261979155394
39,9.590509823274449
40,7.971187498540151
41,18.775916122926027
42,-0.9528522394522485
43,-20.720098774349687
44,-23.294084081923227
45,-14.68798770008755
46,0.4557665996000314
47,-20.301551666652525
48,-19.81404639942327
49,-20.268937148647964
50,-16.91606733384972
51,-2.5304524174006735
52,-10.061993933124349
53,-17.250767507593373
54,-3.7090177818394308
55,-13.678840703483905
56,-14.361657353938082
57,7.981007070487681
58,0.5883911338487745
59,-11.8844855358902
60,-18.31259591942202
61,-14.93372813501221
62,-18.298083780193778
63,-13.7982174453796
64,-4.813297038488779
65,-9.173498153461622
66,-12.564360502336338
67,-7.325382499558886
68,4.321302388412289
69,8.368672365891213
70,10.852992650081495
71,16.597295481953662
72,-6.415103159048457
73,-11.668212899546823
74,-6.243747944477518
75,-9.12808334249498
76,-16.648039486061847
77,17.956638703323662
78,9.867934179538668
79,14.492856522024425
80,-7.982449924207839
81,-12.063490832120294
82,-13.154738884857155
83,-11.829665644594272
84,-21.212845620473175
85,8.419629289716543
86,26.358244278567156
87,33.72150991411486
88,29.067120326577754
89,-14.059563646974128
90,7.754762789367278
91,1.9522263497662915
92,-19.267263273134922
93,-10.74868558658636
94,-20.39575010098651
95,-6.690522112649738
96,22.04468198135389
97,16.350691217536806
98,4.372061402740517
99,0.7208677593865085
100,-0.9315603690245193
101,17.280685521935958
102,-4.916620118826254
103,-15.594521935463451
104,-21.41592094048982
105,-0.1951978247980672
106,-5.914577201488686
107,-5.929272743008381
108,-18.206309275330785
109,9.251980582282654
110,-18.996279785305756
111,18.965620384560857
112,13.304530466837072
113,21.895539972168784
114,2.3758404296541396
115,26.937737245500447
116,-22.810483834699532
117,-21.81073025352273
118,6.188581597920061
119,17.476549491711154
120,46.38203915988386
121,-2.5806000208902846
122,14.557662276205468
123,20.704682506188227
124,-11.323433366900911
125,-2.953367456506082
126,-13.72081687548991
127,-8.026114718219139
128,-4.079603081960213
129,29.15003140996301
130,9.832225798999502
131,81.00647923909949
132,65.55932760750531
133,-10.063602826670767
134,-22.825537943289735
135,-16.24510006910071
136,-8.522928847011825
137,-7.605027262113429
138,5.460717921637978
139,14.0396176505023
140,9.921871837260904
141,14.540722918552582
142,16.62909918807696
143,8.846657530284569
144,-11.982589817798676
145,-21.7207200876862
146,-15.845168312539041
147,-6.30224512013004
148,-1.8772865611457092
149,5.005417868959881
150,3.658970829135474
151,2.0512457425257624
152,46.69307752219774
153,16.04549028569889
154,2.171554117492317
155,3.6529186937871465
156,30.261334312966525
157,10.795114996888001
158,18.940800376443228
159,2.2901542314037
160,-21.39753111633902
161,16.258608314373884
162,-18.174749184660236
163,6.376102068574255
164,-3.067563769975309
165,-23.340300882435926
166,0.17361299594293245
167,-20.51929124673933
168,-8.254287641161817
169,1.5085525807071205
170,17.1319602549822
171,10.374991010508458
172,-10.055540862075464
173,-18.843666633216866
174,-12.648705114685482
175,-13.260951739938719
176,-9.033102204366129
177,-7.998022564302341
178,-10.770843517284053
179,-17.67025891887087
180,-8.648163315531972
181,18.289998734872498
182,1.169943553244691
183,-19.94263575269303
184,-17.87010617718019
185,-3.4203329454047218
186,28.113637694360968
187,47.841521767043005
188,25.2365229219134
189,-2.2106266781399406
190,0.5119941651723292
191,12.61704072250177
192,30.819067574763775
193,29.439670774377554
194,-23.074516402865562
195,14.907765168693611
196,-9.847034374068334
197,-15.882195016493512
198,-14.975306606275945
199,-0.03444859026748093
200,-20.60189901476116
201,-18.94709623544904
202,-17.80517351829117
203,-22.513023569270956
204,-15.005638707052903
205,-16.14309662194343
206,-20.944192520642233
207,-20.886460677615702
208,-15.780370277377612
209,-19.295062634481603
210,-4.293903497973199
211,-1.6138807631938228
212,-5.147257057487218
213,-13.576682556461286
214,1.2063768086287112
215,-9.474799202992477
216,-2.7108364414060513
217,-18.533092251273132
218,-14.131120439781307
219,-21.261692327241796
220,-16.8622046062366
221,-18.328010889617847
222,-20.320857184371164
223,-10.88040226920811
224,-6.6158349266820595
225,-4.230180898980702
226,-11.272833860783692
227,-2.6311946287303525
228,-11.384927853310185
229,-8.878822529604287
230,-5.020401353017078
231,-5.454809865795415
232,7.42301999949593
233,-7.424367914532035
234,-4.637277979103878
235,-13.579830952953088
236,-16.265658891657782
237,-17.075364421069693
238,-3.821153793301788
239,1.9402821464482969
240,-6.840928514782044
241,-3.9700433493965686
242,17.971735696102485
243,-23.22250162944014
244,-20.79732045734883
245,-22.600193860688186
246,-15.754732974181332
247,-23.246881271469388
248,-16.792951636229695
249,-15.6932173302706
250,-14.611940911995166
251,-16.53872586868154
252,-17.85595137200336
253,-13.643339269668438
254,1.621183514328162
255,-13.606418211037795
256,-22.466515904612688
257,-7.500922796843065
258,42.09560900134883
259,-9.95068598321113
260,21.542486437011554
261,14.969195076126073
262,34.372829431737976
263,26.130602819100027
264,39.378417579055
265,-19.6040395289113
266,-17.0994687700275
267,-14.125298914391824
268,-16.102785792367335
269,-17.893500361246403
270,-20.287254345465804
271,-9.607568491789236
272,-5.319608749762574
273,18.95511904570848
274,-13.950992552475528
275,-6.813571623678809
276,11.676688847768286
277,25.166168470622452
278,19.641758505302775
279,-2.0046459074002976
280,2.7401972181455725
281,-15.157492205426745
282,-0.10975367943538927
283,-9.822593657435894
284,-1.0177088989869065
285,-21.640735052536307
286,-9.739326033000115
287,-4.076755089945223
288,-13.064629943963858
289,-17.906271142059676
290,-18.228575633620355
291,-5.114651427106163
292,0.32673538171971284
293,-0.14367028958638772
294,-5.862488335623274
295,15.357781703345472
296,-6.712829400960548
297,-17.851075549296677
298,-14.628105400546072
299,-20.500812836710605
300,4.4238090657018265
301,-6.311969166543038
302,-21.529886910459034
303,-7.406298058168469
304,-10.69205882999005
305,-14.531764340523923
306,-5.830963051973712
307,1.3074681354454505
308,-1.328880309449912
309,20.239554614502936
310,13.266735862978265
311,5.130085602457663
312,82.30847022378805
313,-14.096927869264622
314,-13.19001774284519
315,-9.411264176188428
316,27.01509789925769
317,46.89766023161778
318,77.98963758466567
319,18.805134779260026
320,-14.662896342185213
321,13.932643635089697
322,-12.049082267324149
323,-8.742772511119451
324,19.832708910426664
325,11.56544150054621
326,69.0293578541393
327,-4.160809618578929
328,37.576093220831936
329,-5.209626348078003
330,31.556514343223895
331,-17.662634778073635
332,-18.140483822664862
333,33.97114912606267
334,-5.952931682600272
335,16.855767471121766
336,-18.344948475522024
337,29.546419799182267
338,-16.03495848313668
339,-16.3391778037738
340,-19.05852099067563
341,22.931090102947998
342,29.199616536248726
343,-17.092085286471395
344,0.4284411670256756
345,10.254278308813847
346,11.233923371512809
347,24.679504920231157
348,11.839533638847925
349,-10.745899748536097
350,-14.702052759645646
351,-20.18398028928791
352,-20.27637707377682
353,8.585797618570066
354,3.9960833403354865
355,-16.68137588180429
356,-13.670468889439162
357,-21.297441011108916
358,14.645536174530978
359,7.273231926023917
360,11.58178402427837
361,9.721407312233339
362,-5.136647987191022
363,-20.100606519512045
364,-12.290355090284137
365,5.112804352765451
366,-20.43019129083705
367,-6.754392275958512
368,-21.014736016172826
369,-14.72260148073693
370,-7.885123840257338
371,5.975244597356675
372,-10.54618890291545
373,-8.291149338415682
374,15.709647077205396
375,13.210241619319316
376,7.270615438177949
377,15.511419787432768
378,15.808769938982858
379,13.114892806418794
380,9.476275062555676
381,-7.808960532225202
382,-0.04491028512822304
383,-14.86204457699954
384,-1.2965743567009103
385,-9.251720267600602
386,-12.756027996707228
387,2.4446457143123483
388,5.616401887288612
389,12.423251415048973
390,-15.890256140680277
391,-5.739983205293003
392,-20.650668155023595
393,-18.438920896169257
394,20.135600227715983
395,4.354310143415825
396,-7.995057186953428
397,-16.378323055496296
398,-14.447266022284232
399,-21.228993858849137
400,-19.611926284981173
401,-20.07963480002143
402,-9.496268921018142
403,-22.569864112968446
404,0.04953511568087254
405,-0.9027203741854581
406,-20.849985752989113
407,-21.842815795165468
408,-17.319390979044197
409,-17.258740157984477
410,-11.324140189290995
411,-13.145394675578636
412,-17.578971646016146
413,23.44640988385006
414,-7.779556604509096
415,8.451400695486248
416,20.769657063047255
417,-6.753899084365302
418,-6.493252079561985
419,11.734597008369718
420,7.1267259364287785
421,5.499842811452823
422,-23.548849801006025
423,-20.400851806214373
424,-17.460219667888463
425,-17.433578017149337
426,-16.479328133729243
427,-3.069764857118808
428,17.37963587118717
429,27.674556226965777
430,29.777193370555764
431,30.08264113673428
432,7.042573433988025
433,3.2893013936221336
434,9.571539840933866
435,-11.893130148914473
436,-11.283914771869476
437,-3.089839415208053
438,9.284800540086191
439,0.7816417332716519
440,-8.956800721091685
441,-2.191517472571417
442,2.2553905960216465
443,12.88737014090548
444,4.198846518392864
445,-6.649392097435301
446,6.998625203348459
447,14.321210760905196
448,6.457033486133877
449,-9.505165898361707
450,-15.819104652701299
451,-22.088132988892426
452,-17.374351894151125
453,-9.654046101497185
454,-17.293036966890636
455,-8.719038372456835
456,-11.119534699406827
457,-14.828522808654967
458,-22.923582866636124
459,-9.835786653477117
460,-18.203676389256323
461,-11.593700915010901
462,3.769767830544175
463,-7.891326820387581
464,-11.411769867208779
465,-23.19418445765207
466,-12.283732476887753
467,4.689305156043986
468,-0.5488541283489103
469,5.765858728340767
470,2.811836289028029
471,0.029423826766760475
472,-6.438472139287941
473,-16.51792399987533
474,-17.72714274062621
475,-15.20840790809329
476,-16.133132912691515
477,-21.747902792718484
478,-15.290044501110767
479,-17.26965718073332
480,-17.4304341307105
481,-19.290836808691907
482,-14.344865346317341
483,-2.3968562190184137
484,1.9201452916301933
485,1.8567328261903646
486,3.514127523139999
487,-3.8132114629459406
488,7.573595819688123
489,-4.459699977802252
490,-19.549140726385936
491,-19.8558561329081
492,-20.393010480250194
493,-3.087010006863455
494,-1.61901791801426
495,-13.395779296747296
496,-23.10804361531566
497,-10.508807086873325
498,-7.566269901074575
499,-20.230566575621115
500,6.7318470174966105
501,-10.819515109543588
502,-12.57093557221691
503,-6.257662869014241
504,2.8268981362610672
505,-9.911243773970304
506,-17.753955142766834
507,-10.472670556991895
508,2.9426635499299825
509,-19.017631003858288
510,2.0156217310225957
511,-6.893816114055823
512,-16.7546617369872
513,-17.367280307388228
514,-15.240418994854124
515,-16.44081142703452
516,-14.445564444022308
517,19.55206117267389
518,14.761788690582776
519,28.313224022087027
520,-12.781614434461922
521,13.482146174921402
522,-16.33169598357061
523,1.525544130764759
524,-5.976516691915144
525,-13.156885401777933
526,-4.466583168818337
527,-3.8800830030714204
528,-17.4977515162707
529,-18.81352781583521
530,-17.29871113590974
531,-13.06239174789265
532,-19.989551394260577
533,-17.57922938652431
534,-3.6603878408281494
535,22.502397750549953
536,32.519333687412924
537,-16.059949082134107
538,-13.136536721528005
539,-7.471083651783991
540,38.43572811960884
541,-3.8628310352176265
542,11.450896932411343
543,38.01246510504481
544,7.952784681710778
545,3.8524541913698034
546,32.308202557563696
547,34.49267975517786
548,35.05263725277603
549,27.190090506644353
550,5.566292003271993
551,-0.8664304253450573
552,-8.29487097599765
553,15.484925230382364
554,1.5584945443900002
555,10.016137973921852
556,-5.525283892796847
557,-11.444641160420995
558,-1.3834535240993524
559,34.00557483888645
560,5.488294167214286
561,-7.198437291833821
562,-2.0799769113469653
563,-1.8449300682889809
564,-23.617678829850988
565,-4.9861881993983435
566,-19.9104452075783
567,-18.11814218937302
568,-10.405018207974207
569,-18.324199308510977
570,15.046580193025422
571,10.08077251896042
572,-5.263362625363256
573,-19.569287169091062
574,-18.968592358816057
575,-9.992709978854624
576,-8.556982765811881
577,15.822881705031058
578,25.43355854417792
579,36.54861991322315
580,17.58358939557192
581,-21.17583739691948
582,-13.197668031290897
583,3.799780768192951
584,-18.941397433784996
585,-11.446086232848044
586,-12.01138985518028
587,-8.66384309074652
588,-16.464537210953644
589,-4.502809109702551
590,-15.944734074353814
591,-17.947636493072032
592,-16.948704383083204
593,-21.544139099142917
594,-21.037246272899573
595,-13.721959857972973
596,-12.893657003840946
597,-12.769141654440153
598,-13.183586561538126
599,-19.936316541246153
600,4.717152967358926
601,-15.788187080740443
602,1.2189068666408456
603,15.067972633488562
604,-19.283752151295985
605,13.97982932738541
606,-12.418301540408407
607,-13.506446582332273
608,-17.089180332585432
609,5.977134790157259
610,-15.818961453864992
611,-9.514155079097394
612,18.09704462416861
613,57.14361995750622
614,10.566363698045356
615,-1.6867892866286232
616,-15.58424838748954
617,-2.218493488243736
618,1.4544011445444462
619,-23.984399669384178
620,-22.746109502808434
621,15.97849819184086
622,-10.534636216428275
623,-8.148754770682661
624,-20.569348385170187
625,-6.130221923612181
626,6.890774362769375
627,-16.90824944585465
628,5.582899901442324
629,-12.051350884520335
630,20.81916310305798
631,-20.820957031812465
632,5.883778745423562
633,-22.685215539631965
634,-20.682952842679107
635,-17.105446754137176
636,1.3733770923251016
637,15.859527935390958
638,18.90041453404253
639,21.705314761582013
640,22.784484297350595
641,7.661642226939964
642,10.771223807299695
643,25.470983175591876
644,7.129982298805869
645,35.682649514262486
646,23.132270088381347
647,-21.891675492695526
648,-20.367047555194397
649,-16.8915400438584
650,32.4613770473008
651,53.24693276996288
652,17.037271156225046
653,21.983765949000095
654,-12.232613471768135
655,22.479673566855425
656,14.905310961474548
657,20.67388833128991
658,-3.311534150223727
659,-8.522609720738402
660,5.84893288173211
661,-4.098381340809719
662,-16.14027487867732
663,3.785150535235449
664,14.562968927980497
665,25.32174615469917
666,29.97972585979302
667,7.887304803326801
668,-12.785369618761724
669,2.866175532613414
670,-11.406443296299408
671,9.581681374084777
672,-4.914924695653274
673,-3.2664043618002108
674,-6.372144673677187
675,-20.609738278999806
676,-7.996676944829184
677,13.729242803696593
678,0.8557621927910306
679,9.362513331913412
680,6.9712821755147605
681,13.503154082697293
682,-14.858670171616465
683,-16.567411581094653
684,-5.3176092418852345
685,-6.844385870603193
686,-21.132804099583936
687,-14.8317659286458
688,-15.159109145422587
689,-5.29799798081551
690,-6.838303351925999
691,7.365439064022751
692,1.536945890202666
693,-16.95082049689717
694,-4.093403142686495
695,-2.437608282575538
696,-13.715023346571632
697,-17.618079365968658
698,-10.86991810429333
699,-12.454766035132897
700,-18.528940183720266
701,2.2812842707126366
702,24.72898044735568
703,6.302693549634118
704,-15.387754978475552
705,23.666082690241282
706,21.21942328259465
707,21.263531457307426
708,55.793457651954824
709,-15.676237186913891
710,-11.674818020379822
711,-16.077388279102045
712,-10.935607399202073
713,-14.346269492160399
714,-20.46321299076757
715,1.8196123733969243
716,-1.1001087842517707
717,4.030175560184059
718,1.5136322340077124
719,-20.4488982808793
720,-16.914884056519835
721,-17.70021654902866
722,-18.013448901005393
723,-15.312547203675535
724,-9.154820171116814
725,46.80607849797073
726,36.43719871585901
727,-15.853460901185091
728,20.782306927511364
729,-14.063131094063863
730,-16.0776754532676
731,24.412426852155782
732,35.13468171939344
733,-18.653318749655455
734,8.93457875467989
735,-21.211546710277744
736,-18.77189814506471
737,-19.160373977673764
738,-17.129342552913357
739,-21.444036567821225
740,52.251156669641105
741,38.88679791684787
742,17.79545975446691
743,5.435690835140859
744,21.054907332733205
745,13.503706007235522
746,3.9806200622393684
747,5.735989114796619
748,-15.2870033504854
749,1.0582511724899943
750,-2.599877582532808
751,12.31839439002658
752,8.784420847260542
753,29.598215232318054
754,1.8966929854630994
755,0.24303466323982803
756,-14.7179849433875
757,-14.687593186474288
758,-0.803920367370182
759,14.979157853319577
760,-11.479145746011682
761,1.7446961800157985
762,-4.012518274281943
763,22.56409433428979
764,-4.9772617402113815
765,-2.054494745234191
766,-12.73658031311366
767,7.524156770309396
768,2.2128007161088608
769,3.8440079672547087
770,4.767031192785016
771,5.2399394204197485
772,12.243475739868185
773,-14.213703834698656
774,4.701150243125258
775,-6.025088655392617
776,-18.73908249323531
777,-13.270775457948695
778,5.606908389360811
779,-6.576971623130014
780,13.27129070266643
781,-2.3957274555899772
782,-0.8875126340887256
783,13.553501518783072
784,-1.9072752635492962
785,-2.9484244899663583
786,-11.83686359841817
787,-11.875570684442085
788,-4.580883650977646
789,-17.073533153254587
790,-16.347253756149936
791,-3.161815496566664
792,-7.858058219926244
793,-6.154187861388365
794,-5.36830848731756
795,-10.062646334273156
796,5.010306135898195
797,-2.469613876621319
798,5.84876994283241
799,-13.55163402389675
800,-18.798114258052237
801,-6.272711893357821
802,8.12995744008153
803,-17.089818995696504
804,-20.318973108963476
805,-11.997136004353505
806,-2.105895080065446
807,-12.09285210321067
808,-12.776147283209903
809,-11.411130825321893
810,1.5103070716706597
811,-3.524233073045461
812,3.189149026765895
813,-11.900432989220132
814,4.296015982215529
815,-16.89915523961871
816,-0.04058283685529568
817,-18.86882490406066
818,2.185761977445421
819,-19.612099148461173
820,-16.368408499777054
821,-12.540896263975252
822,-19.672816991476374
823,-10.343653355242363
824,-5.407466793255293
825,-18.02536772693828
826,-9.22181497348655
827,-17.03620161803112
828,-16.341494507143075
829,-5.064259637728004
830,-5.190717619235536
831,-12.637779694806435
832,6.516788464105058
833,-9.021958809624719
834,0.5926214738783466
835,12.223707041029307
836,13.99345006253603
837,-20.31941856241157
838,-16.54926746027585
839,22.319612261738794
840,4.360357586109883
841,-2.85219000325295
842,12.429713120641535
843,19.481497451171705
844,32.31921913396084
845,8.291512592230394
846,-15.828019550342667
847,-21.753254906030744
848,-15.34234927923337
849,2.0000648642972263
850,-16.55395263348186
851,-11.540149487310593
852,0.3306523938650915
853,-14.220227974741569
854,-8.809689131516205
855,-11.022587125233418
856,6.173086496142407
857,-18.781515797988945
858,-18.784407427936134
859,-5.40299475348018
860,4.28129530726124
861,-4.963423806502839
862,-5.263495843733873
863,17.546730002710213
864,1.4148319193947951
865,1.609567669516412
866,-4.81665755438679
867,8.227162002281485
868,10.040132489134415
869,-10.180560452067288
870,-3.572237795155421
871,-16.43232315295782
872,-19.603562283457887
873,3.727118166924249
874,-19.22755549390708
875,-22.433947258702275
876,-12.543645008091719
877,-10.24053691846823
878,-15.811506637518686
879,-6.724794397644036
880,-12.409073641856722
881,-3.3629803963877194
882,-10.555134795251934
883,-22.430972926711505
884,-11.464155124894823
885,-19.03420327020856
886,-3.6706902087338635
887,7.887821204855504
888,-1.9138293988037176
889,-17.778394842250528
890,-21.8949617201882
891,15.132007045437986
892,-20.15141047163678
893,-20.982780675832714
894,-19.919595410926263
895,-17.272422907915743
896,-8.650508796441395
897,-5.701611481629976
898,-13.107038801942501
899,15.886727326882099
900,14.482079211618167
901,1.8429279994138028
902,-7.345784614680742
903,-8.585026983593853
904,-4.361643735920186
905,3.2879277687782387
906,-0.26751432490389604
907,-13.878170074058183
908,-6.748334235495396
909,-7.338740864200125
910,-20.243210259686997
911,7.5484696897718475
912,-7.819508940393445
913,-13.081517344235415
914,9.834885673657023
915,-2.916294645784258
916,-16.283866440336627
917,5.789935173184738
918,-1.2568695207883445
919,-13.960608562475047
920,12.816022770789726
921,13.861136352990854
922,-6.652087433470773
923,8.08304460522532
924,5.17377728348163
925,-8.664706032558994
926,-22.157854142449214
927,-7.690362046212918
928,-6.564666654698972
929,-20.439545097520657
930,-13.547639766619788
931,-18.052687435897546
932,-9.878701618492773
933,-21.022325206635784
934,-12.530392798075704
935,-10.18513762139437
936,-5.085075033018683
937,-22.48716677772388
938,-2.0858395214356493
939,8.091630203890352
940,9.185927356652153
941,-4.266541201456955
942,-20.54399470362265
943,-0.6471786910985826
944,6.189816642929289
945,16.017873272587543
946,-21.7671719212508
947,-0.6098576034307432
948,11.104248198137391
949,27.35342516259459
950,12.074364221748608
951,20.981343872003016
952,4.801049399583401
953,-2.703661016219425
954,-11.132413555633702
955,-6.575778576583091
956,5.4519468199386205
957,7.823665172260226
958,10.30879501737127
959,-9.147508985100629
960,-4.718717015847604
961,-18.816942987197972
962,-17.540242751334755
963,12.40561500502438
964,21.609407332665015
965,18.358753640085578
966,-21.99387844341796
967,1.959951567572381
968,22.947269003396496
969,17.61528535996757
970,34.37205672522211
971,-18.409291017742063
972,33.65028792048126
973,7.93453480907559
974,14.624597091512694
975,23.791506305938526
976,18.568376239201356
977,26.790637898874675
978,-5.25343874237241
979,-19.576490009612296
980,-13.53423596715097
981,-17.094237185581143
982,2.448435349184327
983,-5.708479845850759
984,-11.468257022564812
985,-16.413677773743533
986,-23.541377355821744
987,9.568645895704332
988,12.115955764006829
989,-0.33853796757288723
990,-9.478855492934837
991,-1.3575731711297188
992,-10.814732601290373
993,-17.505373508060792
994,4.6597485271937655
995,-10.70966095877924
996,-12.741785107471408
997,-0.09267927065829262
998,3.4670485050910473
999,-2.024164640150552
1000,-20.158245858824014
1001,-6.247196137550592
1002,7.041727833463459
1003,5.1267863651334045
1004,-23.067656056839837
1005,-17.155709749739792
1006,-1.5698483740787894
1007,9.65721578888643
1008,11.03966183444725
1009,-8.493597633027994
1010,-0.17629779045869332
1011,38.461909156923724
1012,-10.289708755397555
1013,24.56766509391663
1014,-8.271329263615472
1015,28.6446089471254
1016,22.859041635133075
1017,25.50083409821069
1018,56.90700091613199
1019,29.33361801756319
1020,40.02692538907414
1021,47.2439632039495
1022,25.34931711089427
1023,-11.254735149376387
1024,-12.376261961259935
1025,-2.343336196155665
1026,-12.828035999549023
1027,-11.672186178526738
1028,14.399254017670474
1029,53.454673331029376
1030,82.83804142444497
1031,48.27645608814497
1032,21.15947546849503
1033,-13.091205505913578
1034,-18.26566595379125
1035,-23.708220182776667
1036,17.86366999264535
1037,32.292399466311714
1038,-5.3535061808403395
1039,-17.09664389401059
1040,-15.909613581001274
1041,-13.099419558484211
1042,-16.840620899369153
1043,31.253408114243832
1044,-15.940967483631919
1045,18.502647558882444
1046,11.964147283396159
1047,-11.564582284060787
1048,7.7249909114812985
1049,29.26568245564616
1050,35.65545224268486
1051,25.75626699835776
1052,-1.615797598972679
1053,-13.998848386959695
1054,33.804093522774096
1055,27.300052061494632
1056,24.79404497662356
1057,11.34212493168612
1058,34.92833793578443
1059,19.158152102228996
1060,14.910516006094591
1061,-0.35171537290630384
1062,-9.418019146965605
1063,16.66534808660858
1064,5.770165945427628
1065,14.274573189839316
1066,24.395665679625544
1067,15.090813145669337
1068,22.594722475303758
1069,2.531381279709434
1070,2.293991320483938
1071,15.392394170536289
1072,-20.471355738107803
1073,20.420858514809343
1074,-0.7829735879969864
1075,6.373107412771063
1076,6.343316181443072
1077,29.577989204236
1078,35.65568008864457
1079,28.857543709166393
1080,16.59908296842904
1081,-17.258724929869057
1082,-20.111188203054546
1083,4.731359144232671
1084,13.865591106999709
1085,-5.075779035652905
1086,-7.482339184716643
1087,14.435838132043008
1088,23.01888409175833
1089,34.43825211583267
1090,10.80960204406122
1091,-22.516502728453066
1092,-9.337794822691933
1093,16.034847709232707
1094,8.265498583972754
1095,-2.8269074231678992
1096,6.628694077538939
1097,9.429552434847967
1098,-17.661565568664365
1099,5.2365665974447495
1100,-17.87705376520741
1101,-14.984154581923331
1102,-6.173536867890665
1103,-4.266294693836808
1104,22.80775693986798
1105,4.744634735913927
1106,-15.824577024181359
1107,7.728988319219239
1108,-16.556188743836977
1109,-5.779750109221176
1110,7.1005923902430865
1111,-14.889714464948945
1112,-7.427125572910954
1113,-9.692073058809099
1114,-12.69219508348862
1115,-11.087723447726502
1116,5.16850183143541
1117,-5.604482177414171
1118,16.45291781983605
1119,18.87847266881266
1120,-18.853765563969645
1121,27.65999632722579
1122,-22.816467140985807
1123,-16.4881777135148
1124,-7.447043645802178
1125,0.6903134857923785
1126,62.24648891955161
1127,26.720133699473926
1128,76.32899202426822
1129,3.108684577377693
1130,47.18094938621542
1131,32.83551021705417
1132,21.654592066317285
1133,5.956267830577943
1134,5.31707195405726
1135,-18.453015002673965
1136,-8.295248940767365
1137,31.138610475010136
1138,9.493732221926958
1139,-19.872161345795064
1140,-12.657680060445564
1141,-20.749230219574628
1142,-18.406132310188333
1143,20.723471254265686
1144,20.780633509023296
1145,37.03826212025168
1146,16.1692821494928
1147,17.842383342444087
1148,-13.1812843213206
1149,1.3453461771676885
1150,33.212773303114616
1151,27.647571686384843
1152,4.063876347524764
1153,19.674425513983596
1154,-4.829725856624484
1155,4.51399777499759
1156,20.714630187410656
1157,17.578409136263215
1158,8.285329576886122
1159,-1.7138079293564585
1160,0.7317342041341925
1161,-16.716325304982405
1162,-19.514627741214575
1163,-13.498091923237677
1164,-4.198774952392318
1165,6.800927906139293
1166,-18.801944450085127
1167,30.646652989180346
1168,14.317329933679517
1169,-8.139336669242283
1170,-11.881422287103693
1171,-17.203693752676067
1172,-6.262702811649145
1173,-13.84242969762179
1174,-12.669577502414606
1175,20.892590204188288
1176,42.582971425581405
1177,-8.187379397621557
1178,-10.877972375271913
1179,-23.723734441350096
1180,-8.773403507862854
1181,36.32423445770399
1182,12.93601959141317
1183,24.60746730622209
1184,-7.603396792544718
1185,4.888151229457146
1186,36.13123855157691
1187,7.766882709039763
1188,-18.232757599599445
1189,12.041486151870547
1190,-16.44350993493827
1191,-8.883294734526693
1192,-2.83065183950768
1193,-5.668894776795215
1194,11.697996639222408
1195,58.95081440546446
1196,81.00348123447552
1197,63.39469741871764
1198,23.465145029125015
1199,0.028372312406905742
1200,12.354751695737773
1201,2.1614182719454513
1202,24.508544996992192
1203,13.80806366486064
1204,-15.465898875076013
1205,-22.659507411270432
1206,9.634732026399881
1207,-18.73553664675341
1208,20.29309218076245
1209,18.740938268322473
1210,33.81889839395679
1211,19.85086505376504
1212,-8.312358438114064
1213,-18.65281874019973
1214,-15.542289915203845
1215,4.214966667934139
1216,-18.627556448847358
1217,13.49834614530807
1218,7.295506154573809
1219,-23.750412453693748
1220,2.142658248120833
1221,9.06140961343592
1222,-6.8738851326381925
1223,-13.814814548703277
1224,-16.667868631420692
1225,11.059414007830284
1226,18.817475079693207
1227,22.23173349943847
1228,-4.04031142812147
1229,5.090978477359402
1230,-1.4513418496786241
1231,-13.478668201846038
1232,-16.007548176280984
1233,-3.7737039250993205
1234,0.4234088693338307
1235,-6.579921213126667
1236,10.649409810711619
1237,-20.801619112770464
1238,-7.62955113257997
1239,33.37603603520091
1240,-14.005065953324364
1241,-1.1727208438122132
1242,9.559239540779139
1243,-22.668774096115328
1244,-5.0726152530113
1245,-10.970607130895676
1246,1.6128494962582849
1247,-0.5922371107183366
1248,15.424948387462713
1249,6.778347639383482
1250,17.701464303727352
1251,2.040893656416041
1252,3.584987415724201
1253,3.814649911147228
1254,4.66724002289893
1255,18.60306595162403
1256,9.629358851325435
1257,8.896542190418176
1258,19.90952446086994
1259,-19.368588265452544
1260,-7.850586904307605
1261,0.6430984019262811
1262,25.74339240801846
1263,60.84283890942598
1264,48.98333679286522
1265,-4.174660994163834
1266,6.188270117859439
1267,-11.894795710913067
1268,-5.736234099998044
1269,21.531746209128993
1270,-5.355403475987288
1271,-13.976219686802494
1272,15.023037389666822
1273,7.240228166914424
1274,8.797719442765128
1275,2.9407442157574213
1276,26.944463978512132
1277,7.793237602101304
1278,-9.531173793189968
1279,-0.003479685174551772
1280,15.419102275051657
1281,15.295512062450534
1282,3.611894052555125
1283,13.075431935295107
1284,2.043961449518487
1285,3.0369929657803887
1286,-14.945667534031562
1287,-17.373233747401812
1288,-1.6750890348116465
1289,-4.108502031984633
1290,-5.0971427295500025
1291,16.785500812234293
1292,11.98779460265938
1293,-4.665001774786141
1294,-16.035385600687427
1295,8.370577401145846
1296,32.87341901511451
1297,9.811248203386327
1298,20.883035233697157
1299,-10.00220314548422
1300,-11.223794429340913
1301,-15.691687346782343
1302,18.503549000035513
1303,2.7411772363022844
1304,-22.398772263060167
1305,20.476835718022194
1306,-11.895294557048008
1307,-7.4541066797889135
1308,14.24838227768454
1309,3.5462543225487346
1310,-11.537017509599046
1311,-16.039973499635053
1312,-1.371334447872138
1313,12.142827694027641
1314,12.660529429747694
1315,6.444067338007487
1316,-8.057411588096706
1317,-15.76046101996865
1318,72.26231529287776
1319,89.92164797612949
1320,29.673990960576916
1321,21.614554365386226
1322,-17.728536147334953
1323,1.6250824272944544
1324,-20.065044786839252
1325,18.31819259579509
1326,-16.999705242263335
1327,-17.55619403326231
1328,39.7707829928994
1329,40.90765355647965
1330,36.78274646446511
1331,18.605162469534676
1332,28.91989594751434
1333,27.365306575519693
1334,-8.759723369285775
1335,-15.59999981686795
1336,4.170432082476601
1337,-23.81233347210604
1338,-4.879308403589013
1339,-8.721027218714823
1340,-17.652836413408913
1341,2.74816039663763
1342,-13.359967106375738
1343,-19.466982882531788
1344,20.88949236270566
1345,19.786679450086936
1346,26.208097151490747
1347,25.12374103754098
1348,-14.786844465068452
1349,-18.793041716405387
1350,3.546230538832802
1351,44.42940156403846
1352,7.59714276840844
1353,-21.297441011108916
1354,-20.07963480002143
1355,-20.100606519512045
1356,-14.72260148073693
1357,8.451400695486248
1358,-16.90824944585465
1359,-23.340300882435926
1360,-19.936316541246153
1361,57.14361995750622
1362,23.465145029125015
1363,10.374991010508458
1364,-14.975306606275945
1365,-19.81404639942327
1366,-17.203693752676067
1367,-9.22181497348655
1368,6.516788464105058
1369,6.800927906139293
1370,-6.243747944477518
1371,-18.31259591942202
1372,-0.33853796757288723
1373,5.735989114796619
1374,-5.708479845850759
1375,-14.213703834698656
1376,14.979157853319577
1377,-17.155709749739792
1378,4.801049399583401
1379,-21.7671719212508
1380,38.461909156923724
1381,-17.075364421069693
1382,-9.992709978854624
1383,-19.295062634481603
1384,-22.513023569270956
1385,-7.198437291833821
1386,-16.464537210953644
1387,13.80806366486064
1388,18.740938268322473
1389,-20.801619112770464
1390,-7.62955113257997
1391,33.81889839395679
1392,-15.465898875076013
1393,-8.66384309074652
1394,-15.005638707052903
1395,-2.0799769113469653
1396,-8.556982765811881
1397,-4.293903497973199
1398,-3.821153793301788
1399,-10.289708755397555
1400,16.017873272587543
1401,20.981343872003016
1402,-1.5698483740787894
1403,-11.479145746011682
1404,4.701150243125258
1405,-11.468257022564812
1406,-15.2870033504854
1407,-9.478855492934837
1408,-11.8844855358902
1409,-11.668212899546823
1410,-18.801944450085127
1411,-12.637779694806435
1412,-20.301551666652525
1413,-15.882195016493512
1414,-18.02536772693828
1415,-6.262702811649145
1416,63.39469741871764
1417,10.566363698045356
1418,-10.055540862075464
1419,0.17361299594293245
1420,4.717152967358926
1421,5.582899901442324
1422,-7.885123840257338
1423,20.769657063047255
1424,-9.496268921018142
1425,-12.290355090284137
1426,14.645536174530978
1427,17.37963587118717
1428,-7.779556604509096
1429,-10.54618890291545
1430,-20.43019129083705
1431,-19.611926284981173
1432,-16.378323055496296
1433,29.067120326577754
1434,18.940800376443228
1435,17.1319602549822
1436,-15.58424838748954
1437,1.2189068666408456
1438,-3.067563769975309
1439,-5.064259637728004
1440,-4.198774952392318
1441,-11.881422287103693
1442,-10.343653355242363
1443,-14.93372813501221
1444,8.285329576886122
1445,-18.86882490406066
1446,-9.12808334249498
1447,-23.541377355821744
1448,-10.814732601290373
1449,-4.012518274281943
1450,-18.73908249323531
1451,-0.6471786910985826
1452,-0.17629779045869332
1453,-23.067656056839837
1454,-11.875570684442085
1455,27.35342516259459
1456,26.790637898874675
1457,-5.3535061808403395
1458,35.05263725277603
1459,5.488294167214286
1460,-20.944192520642233
1461,-5.147257057487218
1462,-18.968592358816057
1463,-8.312358438114064
1464,9.634732026399881
1465,-22.659507411270432
1466,19.85086505376504
1467,-1.6138807631938228
1468,-19.569287169091062
1469,34.00557483888645
1470,-16.14309662194343
1471,34.49267975517786
1472,32.292399466311714
1473,-5.25343874237241
1474,12.074364221748608
1475,-4.580883650977646
1476,5.1267863651334045
1477,-8.493597633027994
1478,6.189816642929289
1479,-6.025088655392617
1480,1.7446961800157985
1481,-1.3575731711297188
1482,-16.413677773743533
1483,2.185761977445421
1484,-16.648039486061847
1485,-18.298083780193778
1486,17.578409136263215
1487,-5.407466793255293
1488,-8.139336669242283
1489,-13.498091923237677
1490,-5.190717619235536
1491,-15.788187080740443
1492,6.376102068574255
1493,1.5085525807071205
1494,-1.6867892866286232
1495,10.795114996888001
1496,33.72150991411486
1497,-14.447266022284232
1498,5.112804352765451
1499,-21.228993858849137
1500,23.44640988385006
1501,5.975244597356675
1502,-3.069764857118808
1503,13.210241619319316
1504,-17.258740157984477
1505,-22.569864112968446
1506,9.721407312233339
1507,-3.089839415208053
1508,5.616401887288612
1509,-9.514155079097394
1510,-18.843666633216866
1511,2.2901542314037
1512,13.97982932738541
1513,-6.30224512013004
1514,16.350691217536806
1515,-12.776147283209903
1516,-12.564360502336338
1517,-6.415103159048457
1518,17.842383342444087
1519,0.5926214738783466
1520,-1.7138079293564585
1521,-13.84242969762179
1522,-16.368408499777054
1523,-2.054494745234191
1524,5.2399394204197485
1525,-17.094237185581143
1526,-10.70966095877924
1527,-11.672186178526738
1528,22.947269003396496
1529,5.84876994283241
1530,9.185927356652153
1531,24.56766509391663
1532,-2.024164640150552
1533,-11.132413555633702
1534,-18.94709623544904
1535,-1.8449300682889809
1536,-18.324199308510977
1537,-9.474799202992477
1538,-11.444641160420995
1539,4.214966667934139
1540,2.1614182719454513
1541,24.508544996992192
1542,-18.627556448847358
1543,-1.3834535240993524
1544,15.046580193025422
1545,-2.7108364414060513
1546,-17.80517351829117
1547,-23.617678829850988
1548,-2.703661016219425
1549,-20.158245858824014
1550,-8.271329263615472
1551,8.091630203890352
1552,-2.469613876621319
1553,1.959951567572381
1554,14.399254017670474
1555,-12.741785107471408
1556,2.448435349184327
1557,12.243475739868185
1558,-12.73658031311366
1559,-19.612099148461173
1560,-12.669577502414606
1561,0.7317342041341925
1562,-9.021958809624719
1563,16.597295481953662
1564,-13.1812843213206
1565,-12.09285210321067
1566,-9.173498153461622
1567,4.372061402740517
1568,-1.8772865611457092
1569,-21.39753111633902
1570,-12.418301540408407
1571,18.09704462416861
1572,-12.648705114685482
1573,2.4446457143123483
1574,9.284800540086191
1575,0.04953511568087254
1576,-5.136647987191022
1577,7.270615438177949
1578,-11.324140189290995
1579,11.58178402427837
1580,-20.849985752989113
1581,-17.578971646016146
1582,15.709647077205396
1583,11.839533638847925
1584,-14.786844465068452
1585,7.766882709039763
1586,-19.283752151295985
1587,-18.174749184660236
1588,-9.033102204366129
1589,-15.818961453864992
1590,18.90041453404253
1591,8.368672365891213
1592,-13.7982174453796
1593,42.582971425581405
1594,-12.540896263975252
1595,7.981007070487681
1596,47.841521767043005
1597,12.223707041029307
1598,-19.514627741214575
1599,4.767031192785016
1600,-4.9772617402113815
1601,4.6597485271937655
1602,-13.53423596715097
1603,-0.803920367370182
1604,7.041727833463459
1605,-6.575778576583091
1606,-4.266541201456955
1607,22.859041635133075
1608,1.2063768086287112
1609,-5.263362625363256
1610,-19.9104452075783
1611,-20.60189901476116
1612,-11.384927853310185
1613,-4.04031142812147
1614,12.354751695737773
1615,-15.542289915203845
1616,-12.769141654440153
1617,-13.183586561538126
1618,-18.65281874019973
1619,0.028372312406905742
1620,22.23173349943847
1621,-2.6311946287303525
1622,-4.9861881993983435
1623,-0.03444859026748093
1624,-13.576682556461286
1625,10.08077251896042
1626,28.6446089471254
1627,-20.54399470362265
1628,5.4519468199386205
1629,-6.247196137550592
1630,-14.687593186474288
1631,-19.576490009612296
1632,-17.505373508060792
1633,22.56409433428979
1634,3.8440079672547087
1635,25.2365229219134
1636,0.5883911338487745
1637,-16.716325304982405
1638,13.99345006253603
1639,-19.672816991476374
1640,20.892590204188288
1641,-4.813297038488779
1642,10.852992650081495
1643,15.859527935390958
1644,-13.260951739938719
1645,5.977134790157259
1646,15.067972633488562
1647,-18.232757599599445
1648,16.258608314373884
1649,25.12374103754098
1650,24.679504920231157
1651,-13.145394675578636
1652,-8.291149338415682
1653,7.273231926023917
1654,-0.9027203741854581
1655,6.457033486133877
1656,-5.830963051973712
1657,-18.203676389256323
1658,-17.72714274062621
1659,82.30847022378805
1660,-1.371334447872138
1661,-11.895294557048008
1662,-3.6706902087338635
1663,5.460717921637978
1664,-20.15141047163678
1665,-16.14027487867732
1666,-21.41592094048982
1667,-18.996279785305756
1668,-7.996676944829184
1669,19.481497451171705
1670,7.1005923902430865
1671,22.80775693986798
1672,2.0000648642972263
1673,-14.8317659286458
1674,-10.24053691846823
1675,8.843895045817073
1676,9.493732221926958
1677,-1.1001087842517707
1678,24.72898044735568
1679,-20.439545097520657
1680,5.770165945427628
1681,2.293991320483938
1682,8.08304460522532
1683,34.92833793578443
1684,5.789935173184738
1685,-17.4977515162707
1686,-5.319608749762574
1687,9.811248203386327
1688,-15.240418994854124
1689,6.7318470174966105
1690,-17.0994687700275
1691,6.188270117859439
1692,15.023037389666822
1693,-17.851075549296677
1694,-13.976219686802494
1695,-14.628105400546072
1696,-4.174660994163834
1697,-20.230566575621115
1698,-19.6040395289113
1699,-9.607568491789236
1700,-17.367280307388228
1701,20.883035233697157
1702,-3.8800830030714204
1703,-1.2568695207883445
1704,11.34212493168612
1705,5.17377728348163
1706,2.531381279709434
1707,16.66534808660858
1708,-13.547639766619788
1709,2.2812842707126366
1710,1.8196123733969243
1711,31.138610475010136
1712,-15.811506637518686
1713,12.312841933147132
1714,-15.159109145422587
1715,-16.55395263348186
1716,-4.266294693836808
1717,-5.779750109221176
1718,32.31921913396084
1719,9.251980582282654
1720,-20.609738278999806
1721,-4.098381340809719
1722,-15.594521935463451
1723,15.132007045437986
1724,-19.03420327020856
1725,-7.605027262113429
1726,20.476835718022194
1727,-16.039973499635053
1728,-16.51792399987533
1729,5.130085602457663
1730,-14.531764340523923
1731,-9.835786653477117
1732,14.321210760905196
1733,29.546419799182267
1734,20.239554614502936
1735,-15.20840790809329
1736,-11.593700915010901
1737,-7.406298058168469
1738,7.573595819688123
1739,2.7411772363022844
1740,3.5462543225487346
1741,-23.81233347210604
1742,-21.891675492695526
1743,-17.778394842250528
1744,-22.430972926711505
1745,-3.2664043618002108
1746,18.965620384560857
1747,-0.1951978247980672
1748,-8.522609720738402
1749,4.744634735913927
1750,0.3306523938650915
1751,-23.326750699578355
1752,-15.828019550342667
1753,-14.889714464948945
1754,17.504725064327566
1755,-15.853460901185091
1756,-12.454766035132897
1757,-14.346269492160399
1758,-17.661565568664365
1759,15.392394170536289
1760,-22.157854142449214
1761,-9.878701618492773
1762,14.274573189839316
1763,-7.500922796843065
1764,26.130602819100027
1765,-10.819515109543588
1766,-16.44081142703452
1767,-17.893500361246403
1768,21.531746209128993
1769,60.84283890942598
1770,8.896542190418176
1771,19.90952446086994
1772,48.98333679286522
1773,-5.355403475987288
1774,-14.445564444022308
1775,-20.287254345465804
1776,39.378417579055
1777,-12.57093557221691
1778,42.09560900134883
1779,24.395665679625544
1780,-18.052687435897546
1781,-8.664706032558994
1782,-20.471355738107803
1783,9.429552434847967
1784,-20.46321299076757
1785,-18.528940183720266
1786,20.782306927511364
1787,-17.883928223313106
1788,-2.959703143048947
1789,-7.427125572910954
1790,8.291512592230394
1791,-11.540149487310593
1792,-15.824577024181359
1793,-5.914577201488686
1794,5.84893288173211
1795,-6.372144673677187
1796,13.304530466837072
1797,-11.464155124894823
1798,-21.8949617201882
1799,-20.367047555194397
1800,-4.879308403589013
1801,-11.537017509599046
1802,-22.398772263060167
1803,-3.8132114629459406
1804,3.769767830544175
1805,-10.69205882999005
1806,13.266735862978265
1807,-16.133132912691515
1808,-16.03495848313668
1809,-6.438472139287941
1810,-13.19001774284519
1811,4.4238090657018265
1812,28.605264996930167
1813,-12.283732476887753
1814,37.576093220831936
1815,39.7707829928994
1816,-11.223794429340913
1817,12.660529429747694
1818,-10.508807086873325
1819,-22.810483834699532
1820,-11.406443296299408
1821,14.562968927980497
1822,-4.916620118826254
1823,-19.919595410926263
1824,-3.311534150223727
1825,-12.409073641856722
1826,25.311696099995764
1827,10.694707920301258
1828,-6.173536867890665
1829,-11.022587125233418
1830,-2.85219000325295
1831,5.16850183143541
1832,14.435838132043008
1833,-15.387754978475552
1834,-11.674818020379822
1835,-17.129342552913357
1836,6.343316181443072
1837,13.861136352990854
1838,-10.18513762139437
1839,-9.418019146965605
1840,-17.753955142766834
1841,21.542486437011554
1842,-13.950992552475528
1843,-16.7546617369872
1844,-16.792951636229695
1845,15.424948387462713
1846,8.797719442765128
1847,-7.850586904307605
1848,-19.368588265452544
1849,7.240228166914424
1850,-0.5922371107183366
1851,-23.246881271469388
1852,18.95511904570848
1853,-6.893816114055823
1854,-9.911243773970304
1855,-9.95068598321113
1856,-0.35171537290630384
1857,-5.085075033018683
1858,-6.652087433470773
1859,6.373107412771063
1860,-19.160373977673764
1861,-15.676237186913891
1862,6.302693549634118
1863,23.01888409175833
1864,-11.087723447726502
1865,12.429713120641535
1866,-19.175261979155394
1867,6.173086496142407
1868,-14.984154581923331
1869,23.480527814588385
1870,-6.724794397644036
1871,20.67388833128991
1872,-20.982780675832714
1873,3.785150535235449
1874,17.280685521935958
1875,26.937737245500447
1876,2.866175532613414
1877,-7.566269901074575
1878,12.142827694027641
1879,-10.00220314548422
1880,-17.55619403326231
1881,-4.160809618578929
1882,28.411543449664876
1883,-20.500812836710605
1884,-23.19418445765207
1885,0.029423826766760475
1886,-14.096927869264622
1887,-7.891326820387581
1888,-6.311969166543038
1889,-9.411264176188428
1890,5.765858728340767
1891,-14.828522808654967
1892,6.444067338007487
1893,-15.691687346782343
1894,0.7208677593865085
1895,25.32174615469917
1896,9.581681374084777
1897,21.895539972168784
1898,-3.3629803963877194
1899,-17.272422907915743
1900,-8.026114718219139
1901,-5.472241965951732
1902,26.720133699473926
1903,10.040132489134415
1904,4.360357586109883
1905,-10.86991810429333
1906,-9.692073058809099
1907,5.2365665974447495
1908,-8.809689131516205
1909,-16.077388279102045
1910,23.666082690241282
1911,-6.748334235495396
1912,-11.564582284060787
1913,-12.530392798075704
1914,19.158152102228996
1915,20.420858514809343
1916,12.816022770789726
1917,-19.017631003858288
1918,-6.813571623678809
1919,14.969195076126073
1920,-6.257662869014241
1921,-1.6750890348116465
1922,-16.059949082134107
1923,0.6430984019262811
1924,-13.064629943963858
1925,2.9407442157574213
1926,26.944463978512132
1927,25.74339240801846
1928,-4.076755089945223
1929,-13.136536721528005
1930,34.372829431737976
1931,-17.373233747401812
1932,2.8268981362610672
1933,2.0156217310225957
1934,11.676688847768286
1935,-13.960608562475047
1936,-0.7829735879969864
1937,14.910516006094591
1938,-21.022325206635784
1939,7.7249909114812985
1940,-13.878170074058183
1941,21.21942328259465
1942,-10.935607399202073
1943,-14.220227974741569
1944,-17.87705376520741
1945,-12.69219508348862
1946,-17.618079365968658
1947,22.319612261738794
1948,8.227162002281485
1949,-9.92065112812707
1950,76.32899202426822
1951,-8.650508796441395
1952,-4.079603081960213
1953,-10.555134795251934
1954,-4.914924695653274
1955,2.3758404296541396
1956,-0.9315603690245193
1957,29.97972585979302
1958,18.503549000035513
1959,-8.057411588096706
1960,-22.923582866636124
1961,27.01509789925769
1962,2.811836289028029
1963,-11.411769867208779
1964,-21.529886910459034
1965,4.689305156043986
1966,37.04254225958889
1967,11.56544150054621
1968,0.7816417332716519
1969,-9.654046101497185
1970,-17.662634778073635
1971,18.605162469534676
1972,18.31819259579509
1973,-14.344865346317341
1974,-23.10804361531566
1975,-21.81073025352273
1976,7.661642226939964
1977,20.704682506188227
1978,29.15003140996301
1979,22.479673566855425
1980,3.108684577377693
1981,1.4148319193947951
1982,-3.572237795155421
1983,-16.4881777135148
1984,-18.784407427936134
1985,6.9712821755147605
1986,-11.148398089107562
1987,-15.56988172812056
1988,-5.604482177414171
1989,-4.093403142686495
1990,-7.482339184716643
1991,-9.337794822691933
1992,-21.211546710277744
1993,-17.70021654902866
1994,31.253408114243832
1995,-20.243210259686997
1996,-4.361643735920186
1997,29.26568245564616
1998,29.577989204236
1999,-2.0858395214356493
2000,2.043961449518487
2001,-10.472670556991895
2002,-5.0971427295500025
2003,-16.53872586868154
2004,-17.57922938652431
2005,28.313224022087027
2006,-22.600193860688186
2007,-10.970607130895676
2008,2.040893656416041
2009,-18.228575633620355
2010,-1.0177088989869065
2011,-9.822593657435894
2012,-17.906271142059676
2013,3.584987415724201
2014,1.6128494962582849
2015,-12.781614434461922
2016,-15.754732974181332
2017,-17.85595137200336
2018,-3.6603878408281494
2019,-4.108502031984633
2020,2.9426635499299825
2021,13.075431935295107
2022,-22.48716677772388
2023,35.65568008864457
2024,35.65545224268486
2025,-8.585026983593853
2026,-7.338740864200125
2027,-15.940967483631919
2028,-18.013448901005393
2029,-18.77189814506471
2030,-22.516502728453066
2031,-5.075779035652905
2032,-23.110547550607038
2033,-16.95082049689717
2034,16.45291781983605
2035,9.362513331913412
2036,-18.781515797988945
2037,13.462828731356343
2038,-7.447043645802178
2039,-10.180560452067288
2040,17.546730002710213
2041,47.18094938621542
2042,9.832225798999502
2043,14.905310961474548
2044,10.771223807299695
2045,-11.323433366900911
2046,6.188581597920061
2047,-13.395779296747296
2048,-19.290836808691907
2049,-16.999705242263335
2050,28.91989594751434
2051,-17.293036966890636
2052,-18.140483822664862
2053,69.0293578541393
2054,-8.956800721091685
2055,-0.5488541283489103
2056,13.652887114848614
2057,22.086137191521082
2058,77.98963758466567
2059,31.556514343223895
2060,-11.119534699406827
2061,2.2553905960216465
2062,19.832708910426664
2063,-20.065044786839252
2064,36.78274646446511
2065,-3.087010006863455
2066,72.26231529287776
2067,-17.26965718073332
2068,-12.785369618761724
2069,-12.232613471768135
2070,65.55932760750531
2071,-13.72081687548991
2072,22.784484297350595
2073,-13.107038801942501
2074,-16.43232315295782
2075,62.24648891955161
2076,21.654592066317285
2077,1.609567669516412
2078,-2.437608282575538
2079,-4.529144515808053
2080,1.4026819482522184
2081,13.503154082697293
2082,34.43825211583267
2083,55.793457651954824
2084,4.731359144232671
2085,-16.914884056519835
2086,8.93457875467989
2087,3.2879277687782387
2088,-1.615797598972679
2089,11.964147283396159
2090,7.5484696897718475
2091,19.641758505302775
2092,16.785500812234293
2093,3.0369929657803887
2094,-20.79732045734883
2095,-16.33169598357061
2096,32.519333687412924
2097,-14.611940911995166
2098,17.701464303727352
2099,-5.0726152530113
2100,-21.640735052536307
2101,-9.531173793189968
2102,-5.114651427106163
2103,7.793237602101304
2104,0.32673538171971284
2105,-9.739326033000115
2106,-22.668774096115328
2107,6.778347639383482
2108,22.502397750549953
2109,-15.6932173302706
2110,-23.22250162944014
2111,13.482146174921402
2112,-14.945667534031562
2113,25.166168470622452
2114,11.98779460265938
2115,-7.819508940393445
2116,18.502647558882444
2117,25.75626699835776
2118,-0.26751432490389604
2119,-18.653318749655455
2120,-20.4488982808793
2121,13.865591106999709
2122,21.263531457307426
2123,10.80960204406122
2124,-15.407114423295146
2125,-14.858670171616465
2126,-13.715023346571632
2127,-17.57998567680544
2128,-4.81665755438679
2129,32.83551021705417
2130,0.6903134857923785
2131,-19.603562283457887
2132,-2.953367456506082
2133,-5.701611481629976
2134,21.705314761582013
2135,21.983765949000095
2136,81.00647923909949
2137,7.887304803326801
2138,-17.4304341307105
2139,-15.76046101996865
2140,-1.61901791801426
2141,40.90765355647965
2142,1.6250824272944544
2143,-2.191517472571417
2144,-8.742772511119451
2145,-5.209626348078003
2146,-8.719038372456835
2147,46.89766023161778
2148,5.488655153972049
2149,-22.088132988892426
2150,33.97114912606267
2151,18.805134779260026
2152,-6.649392097435301
2153,1.3074681354454505
2154,-19.549140726385936
2155,-7.4541066797889135
2156,1.9201452916301933
2157,89.92164797612949
2158,27.365306575519693
2159,-16.24510006910071
2160,-16.8915400438584
2161,7.887821204855504
2162,25.470983175591876
2163,-2.5806000208902846
2164,13.729242803696593
2165,-12.287854098064324
2166,1.536945890202666
2167,-21.132804099583936
2168,7.607028614741522
2169,-15.24175726546092
2170,-12.543645008091719
2171,27.65999632722579
2172,-18.453015002673965
2173,-5.263495843733873
2174,-15.312547203675535
2175,-14.063131094063863
2176,8.265498583972754
2177,4.030175560184059
2178,16.59908296842904
2179,-7.345784614680742
2180,27.300052061494632
2181,-13.099419558484211
2182,-16.283866440336627
2183,-13.156885401777933
2184,1.9402821464482969
2185,-13.643339269668438
2186,-13.06239174789265
2187,32.87341901511451
2188,-14.125298914391824
2189,3.611894052555125
2190,-11.894795710913067
2191,-0.10975367943538927
2192,-6.712829400960548
2193,3.814649911147228
2194,33.37603603520091
2195,-14.005065953324364
2196,4.66724002289893
2197,15.357781703345472
2198,-5.736234099998044
2199,-15.157492205426745
2200,-16.102785792367335
2201,15.295512062450534
2202,8.370577401145846
2203,1.621183514328162
2204,-19.989551394260577
2205,-4.466583168818337
2206,-6.840928514782044
2207,-2.916294645784258
2208,-16.840620899369153
2209,24.79404497662356
2210,1.8429279994138028
2211,28.857543709166393
2212,1.5136322340077124
2213,16.034847709232707
2214,-16.0776754532676
2215,-9.154820171116814
2216,-4.963423806502839
2217,-8.295248940767365
2218,-5.793652015441659
2219,-22.816467140985807
2220,-22.433947258702275
2221,-6.844385870603193
2222,3.010490334689079
2223,-17.194272549741356
2224,7.365439064022751
2225,0.8557621927910306
2226,7.129982298805869
2227,14.557662276205468
2228,-8.522928847011825
2229,-1.9138293988037176
2230,32.4613770473008
2231,-8.759723369285775
2232,29.673990960576916
2233,-2.3968562190184137
2234,14.24838227768454
2235,-4.459699977802252
2236,-20.132583222429957
2237,-1.328880309449912
2238,-14.662896342185213
2239,6.998625203348459
2240,-17.374351894151125
2241,-5.952931682600272
2242,4.198846518392864
2243,-12.049082267324149
2244,-18.344948475522024
2245,-15.819104652701299
2246,-15.290044501110767
2247,14.737110542622158
2248,1.8567328261903646
2249,-19.8558561329081
2250,4.170432082476601
2251,-17.728536147334953
2252,46.38203915988386
2253,23.132270088381347
2254,17.037271156225046
2255,-22.825537943289735
2256,-18.206309275330785
2257,2.9127694496061576
2258,-16.567411581094653
2259,-16.556188743836977
2260,-21.753254906030744
2261,-5.29799798081551
2262,-20.38922557937105
2263,5.31707195405726
2264,-5.40299475348018
2265,3.727118166924249
2266,-18.853765563969645
2267,35.13468171939344
2268,36.43719871585901
2269,-17.258724929869057
2270,-2.8269074231678992
2271,-7.690362046212918
2272,22.594722475303758
2273,-15.909613581001274
2274,-13.081517344235415
2275,15.886727326882099
2276,33.804093522774096
2277,-17.29871113590974
2278,-22.466515904612688
2279,17.971735696102485
2280,-5.976516691915144
2281,-0.003479685174551772
2282,14.761788690582776
2283,-4.665001774786141
2284,-0.14367028958638772
2285,-2.0046459074002976
2286,9.559239540779139
2287,9.629358851325435
2288,18.60306595162403
2289,-1.1727208438122132
2290,2.7401972181455725
2291,-5.862488335623274
2292,-16.035385600687427
2293,19.55206117267389
2294,15.419102275051657
2295,-3.9700433493965686
2296,1.525544130764759
2297,-18.81352781583521
2298,-13.606418211037795
2299,-13.998848386959695
2300,14.482079211618167
2301,9.834885673657023
2302,-17.09664389401059
2303,15.090813145669337
2304,-6.564666654698972
2305,6.628694077538939
2306,-20.111188203054546
2307,46.80607849797073
2308,24.412426852155782
2309,18.87847266881266
2310,-19.22755549390708
2311,4.28129530726124
2312,5.956267830577943
2313,-6.838303351925999
2314,-15.34234927923337
2315,-10.554134422884676
2316,1.9959489881472328
2317,7.728988319219239
2318,-5.3176092418852345
2319,-5.929272743008381
2320,53.24693276996288
2321,-10.063602826670767
2322,17.476549491711154
2323,35.682649514262486
2324,21.614554365386226
2325,-15.59999981686795
2326,-20.393010480250194
2327,3.514127523139999
2328,-13.383146890698864
2329,-21.747902792718484
2330,16.855767471121766
2331,-9.505165898361707
2332,12.88737014090548
2333,13.932643635089697
2334,15.808769938982858
2335,-23.548849801006025
2336,0.4284411670256756
2337,-14.702052759645646
2338,-11.283914771869476
2339,3.546230538832802
2340,20.88949236270566
2341,-9.251720267600602
2342,-5.739983205293003
2343,12.041486151870547
2344,-17.089180332585432
2345,24.60746730622209
2346,22.04468198135389
2347,-15.845168312539041
2348,-22.746109502808434
2349,-20.682952842679107
2350,46.69307752219774
2351,-13.154738884857155
2352,-7.325382499558886
2353,-11.997136004353505
2354,4.063876347524764
2355,16.1692821494928
2356,-3.524233073045461
2357,-19.94263575269303
2358,-17.250767507593373
2359,9.590509823274449
2360,-2.2106266781399406
2361,2.2128007161088608
2362,1.8966929854630994
2363,3.4670485050910473
2364,52.251156669641105
2365,-18.409291017742063
2366,-12.828035999549023
2367,21.15947546849503
2368,18.358753640085578
2369,-10.062646334273156
2370,-2.3957274555899772
2371,-14.131120439781307
2372,-5.525283892796847
2373,-5.020401353017078
2374,-6.6158349266820595
2375,11.450896932411343
2376,-16.667868631420692
2377,-1.4513418496786241
2378,-21.544139099142917
2379,7.295506154573809
2380,36.54861991322315
2381,17.58358939557192
2382,13.49834614530807
2383,-21.037246272899573
2384,5.090978477359402
2385,-13.814814548703277
2386,-10.88040226920811
2387,-3.8628310352176265
2388,10.016137973921852
2389,-8.878822529604287
2390,-18.533092251273132
2391,-0.8875126340887256
2392,5.010306135898195
2393,-21.99387844341796
2394,48.27645608814497
2395,-2.343336196155665
2396,33.65028792048126
2397,-21.444036567821225
2398,-0.09267927065829262
2399,29.598215232318054
2400,7.524156770309396
2401,0.5119941651723292
2402,7.971187498540151
2403,-3.7090177818394308
2404,-17.87010617718019
2405,3.189149026765895
2406,37.03826212025168
2407,4.321302388412289
2408,27.647571686384843
2409,-2.105895080065446
2410,-22.685215539631965
2411,-12.063490832120294
2412,2.0512457425257624
2413,-21.7207200876862
2414,-6.690522112649738
2415,-23.984399669384178
2416,-7.603396792544718
2417,-13.506446582332273
2418,-16.44350993493827
2419,-20.650668155023595
2420,-12.756027996707228
2421,-19.466982882531788
2422,-18.793041716405387
2423,-10.745899748536097
2424,-11.893130148914473
2425,5.499842811452823
2426,-17.092085286471395
2427,15.511419787432768
2428,-21.842815795165468
2429,3.2893013936221336
2430,-20.18398028928791
2431,10.254278308813847
2432,11.734597008369718
2433,19.786679450086936
2434,44.42940156403846
2435,-15.890256140680277
2436,-1.2965743567009103
2437,36.13123855157691
2438,-2.83065183950768
2439,-7.998022564302341
2440,5.005417868959881
2441,14.492856522024425
2442,-17.105446754137176
2443,15.97849819184086
2444,-10.74868558658636
2445,8.846657530284569
2446,20.723471254265686
2447,1.5103070716706597
2448,-20.318973108963476
2449,1.3453461771676885
2450,-0.9528522394522485
2451,30.819067574763775
2452,-8.187379397621557
2453,-16.54926746027585
2454,28.113637694360968
2455,-14.361657353938082
2456,38.88679791684787
2457,0.24303466323982803
2458,53.454673331029376
2459,21.609407332665015
2460,34.37205672522211
2461,-11.254735149376387
2462,13.27129070266643
2463,10.30879501737127
2464,25.50083409821069
2465,-5.36830848731756
2466,-18.11814218937302
2467,-7.471083651783991
2468,-4.230180898980702
2469,-5.454809865795415
2470,15.484925230382364
2471,-13.478668201846038
2472,11.059414007830284
2473,-13.197668031290897
2474,-12.893657003840946
2475,-13.721959857972973
2476,-21.17583739691948
2477,18.817475079693207
2478,-16.007548176280984
2479,7.42301999949593
2480,1.5584945443900002
2481,38.43572811960884
2482,-11.272833860783692
2483,-10.405018207974207
2484,-6.154187861388365
2485,56.90700091613199
2486,7.823665172260226
2487,-6.576971623130014
2488,-12.376261961259935
2489,17.61528535996757
2490,12.40561500502438
2491,82.83804142444497
2492,-14.7179849433875
2493,17.79545975446691
2494,-20.31941856241157
2495,-13.678840703483905
2496,-3.4203329454047218
2497,12.61704072250177
2498,18.775916122926027
2499,-10.877972375271913
2500,33.212773303114616
2501,-17.089818995696504
2502,-11.411130825321893
2503,20.780633509023296
2504,-10.534636216428275
2505,-11.982589817798676
2506,-20.39575010098651
2507,-7.982449924207839
2508,3.658970829135474
2509,1.3733770923251016
2510,-8.883294734526693
2511,-10.770843517284053
2512,4.888151229457146
2513,-14.86204457699954
2514,12.423251415048973
2515,7.59714276840844
2516,26.208097151490747
2517,11.233923371512809
2518,7.1267259364287785
2519,9.571539840933866
2520,-20.27637707377682
2521,-17.319390979044197
2522,-13.670468889439162
2523,29.777193370555764
2524,-17.460219667888463
2525,29.199616536248726
2526,-6.493252079561985
2527,-18.438920896169257
2528,13.114892806418794
2529,-13.359967106375738
2530,5.883778745423562
2531,2.171554117492317
2532,-21.212845620473175
2533,7.754762789367278
2534,9.921871837260904
2535,6.890774362769375
2536,36.32423445770399
2537,-8.254287641161817
2538,58.95081440546446
2539,-17.03620161803112
2540,-14.68798770008755
2541,14.907765168693611
2542,18.289998734872498
2543,-2.5304524174006735
2544,14.317329933679517
2545,-12.657680060445564
2546,-11.900432989220132
2547,-13.55163402389675
2548,-4.829725856624484
2549,3.9806200622393684
2550,8.784420847260542
2551,13.553501518783072
2552,11.03966183444725
2553,-17.073533153254587
2554,-0.6098576034307432
2555,-18.26566595379125
2556,-9.147508985100629
2557,7.93453480907559
2558,40.02692538907414
2559,-20.320857184371164
2560,7.952784681710778
2561,5.566292003271993
2562,-16.265658891657782
2563,25.43355854417792
2564,-11.446086232848044
2565,-17.947636493072032
2566,10.649409810711619
2567,-6.8738851326381925
2568,9.06140961343592
2569,-6.579921213126667
2570,-16.948704383083204
2571,-12.01138985518028
2572,15.822881705031058
2573,27.190090506644353
2574,-13.579830952953088
2575,-18.328010889617847
2576,38.01246510504481
2577,29.33361801756319
2578,14.624597091512694
2579,-4.718717015847604
2580,-13.091205505913578
2581,11.104248198137391
2582,-16.347253756149936
2583,9.65721578888643
2584,-1.9072752635492962
2585,12.31839439002658
2586,13.503706007235522
2587,19.674425513983596
2588,-18.798114258052237
2589,4.296015982215529
2590,-19.872161345795064
2591,-10.061993933124349
2592,1.169943553244691
2593,30.646652989180346
2594,-16.341494507143075
2595,-9.847034374068334
2596,0.4557665996000314
2597,81.00348123447552
2598,12.93601959141317
2599,-20.51929124673933
2600,14.0396176505023
2601,-14.059563646974128
2602,-6.130221923612181
2603,-20.820957031812465
2604,-11.829665644594272
2605,16.04549028569889
2606,2.74816039663763
2607,9.476275062555676
2608,20.135600227715983
2609,-6.753899084365302
2610,-20.400851806214373
2611,22.931090102947998
2612,-16.68137588180429
2613,27.674556226965777
2614,-16.3391778037738
2615,-17.433578017149337
2616,30.08264113673428
2617,8.585797618570066
2618,-6.754392275958512
2619,-0.04491028512822304
2620,-7.995057186953428
2621,-8.721027218714823
2622,-8.148754770682661
2623,1.9522263497662915
2624,14.540722918552582
2625,3.6529186937871465
2626,8.419629289716543
2627,-12.051350884520335
2628,11.697996639222408
2629,-2.218493488243736
2630,-8.773403507862854
2631,-8.648163315531972
2632,-16.91606733384972
2633,-23.294084081923227
2634,-23.074516402865562
2635,8.12995744008153
2636,4.51399777499759
2637,9.867934179538668
2638,-20.749230219574628
2639,-0.04058283685529568
2640,9.568645895704332
2641,1.0582511724899943
2642,5.435690835140859
2643,-13.270775457948695
2644,-7.858058219926244
2645,-11.83686359841817
2646,18.568376239201356
2647,47.2439632039495
2648,-23.708220182776667
2649,-17.540242751334755
2650,-7.424367914532035
2651,-0.8664304253450573
2652,3.8524541913698034
2653,-21.261692327241796
2654,-20.886460677615702
2655,-15.944734074353814
2656,-18.73553664675341
2657,-18.941397433784996
2658,-23.750412453693748
2659,-3.7737039250993205
2660,0.4234088693338307
2661,2.142658248120833
2662,3.799780768192951
2663,20.29309218076245
2664,-4.502809109702551
2665,-15.780370277377612
2666,32.308202557563696
2667,-16.8622046062366
2668,-4.637277979103878
2669,-8.29487097599765
2670,-18.816942987197972
2671,17.86366999264535
2672,25.34931711089427
2673,23.791506305938526
2674,-2.9484244899663583
2675,-3.161815496566664
2676,5.606908389360811
2677,21.054907332733205
2678,-2.599877582532808
2679,12.115955764006829
2680,17.956638703323662
2681,-16.89915523961871
2682,-18.406132310188333
2683,20.714630187410656
2684,-6.272711893357821
2685,29.439670774377554
2686,-20.720098774349687
2687,-20.268937148647964
2688,-17.67025891887087
2689,-23.723734441350096
2690,1.4544011445444462
2691,-5.668894776795215
2692,26.358244278567156
2693,30.261334312966525
2694,20.81916310305798
2695,-20.569348385170187
2696,16.62909918807696
2697,-19.267263273134922
2698,-17.652836413408913
2699,4.354310143415825
2700,-7.808960532225202
2701,-21.014736016172826
2702,7.042573433988025
2703,3.9960833403354865
2704,-19.05852099067563
2705,-16.479328133729243
